report,incident_type,priority,location,location_json,source
فيه عدة اشخاص مفقودين في ترهونة,People at Risk/Medical,High,ترهونة,"[{""start"": 25, ""end"": 31, ""text"": ""ترهونة"", ""label"": ""LOC""}]",generated
مفيش نافطة بسهولة في معتيقة والطوابير خانقة الشارع,Infrastructure/Utilities,Medium,معتيقة,"[{""start"": 21, ""end"": 27, ""text"": ""معتيقة"", ""label"": ""LOC""}]",generated
حريق في منزل قديم واعشاب بمنطقة سوق الجمعة وطريق الخدمات قرب مسجد التياني,Fire/Explosion,High,سوق الجمعة طرابلس,"[{""start"": 32, ""end"": 42, ""text"": ""سوق الجمعة"", ""label"": ""LOC""}]",real
المية مقطوعة على اوباري من الصبح ومفيش توضيح,Infrastructure/Utilities,Medium,أوباري,"[{""start"": 17, ""end"": 23, ""text"": ""اوباري"", ""label"": ""LOC""}]",generated
حريق مصنع في غات مش مسيطرين عليه بالكامل والدخان ماشي ناحية منطقة سكنية قريبة,Fire/Explosion,High,غات,"[{""start"": 13, ""end"": 16, ""text"": ""غات"", ""label"": ""LOC""}]",generated
منخفض قوي ضرب الزاوية وخلى وفيات واصابات هلبا المستشفيات والاسعاف طلبوا تعزيزات عاجلة,Flood/Severe Weather,Critical,الزاوية,"[{""start"": 14, ""end"": 21, ""text"": ""الزاوية"", ""label"": ""LOC""}]",generated
انسداد مزاريب ومصارف الامطار بمنطقة غوط الشعال وتراكم المياه بكثافة امام المحال التجارية والمباني,Flood/Severe Weather,Medium,غوط الشعال,"[{""start"": 36, ""end"": 46, ""text"": ""غوط الشعال"", ""label"": ""LOC""}]",generated
عمليات انقاذ للعالقين في وادي اولاد شكر بين الخمس وزليتن بعد سيلان الوادي,People at Risk/Medical,High,وادي أولاد شكر بين الخمس وزليتن,"[{""start"": 25, ""end"": 49, ""text"": ""وادي اولاد شكر بين الخمس"", ""label"": ""LOC""}, {""start"": 51, ""end"": 56, ""text"": ""زليتن"", ""label"": ""LOC""}]",real
الاشتراك خلص والمنظومة مش راضية تجدد من البارح في بنغازي,Infrastructure/Utilities,Low,بنغازي,"[{""start"": 50, ""end"": 56, ""text"": ""بنغازي"", ""label"": ""LOC""}]",generated
وقوع حادث سير امام جوازات صلاح الدين,Road/Transportation,Medium,جوازات صلاح الدين,"[{""start"": 19, ""end"": 36, ""text"": ""جوازات صلاح الدين"", ""label"": ""LOC""}]",real
لقوا حشرات في المعجنات عند واحد من المخابز الكبيرة وسط مصراتة,People at Risk/Medical,Low,مصراتة,"[{""start"": 55, ""end"": 61, ""text"": ""مصراتة"", ""label"": ""LOC""}]",generated
انفجار بسيط في اسطوانة داخل ورشة في البركة عاملين تعالجوا وحالتهم مستقرة,Fire/Explosion,Medium,البركة,"[{""start"": 36, ""end"": 42, ""text"": ""البركة"", ""label"": ""LOC""}]",generated
ارتفاع كارثي في منسوب مياه فيضان مدينة درنة يتجاوز ارتفاع ستة طوابق مما ادى الى غمر كامل للمباني السكنية,Flood/Severe Weather,Critical,درنة,"[{""start"": 39, ""end"": 43, ""text"": ""درنة"", ""label"": ""LOC""}]",real
13 حالة غرق على الشواطئ الليبية خلال ثلاثة ايام مع انقاذ نحو 20 شخصا اخرين,People at Risk/Medical,Critical,الشواطئ الليبية,"[{""start"": 16, ""end"": 31, ""text"": ""الشواطئ الليبية"", ""label"": ""LOC""}]",real
شخص محاصر داخل بئر في اجدابيا والوصول له صعب,People at Risk/Medical,High,أجدابيا,"[{""start"": 22, ""end"": 29, ""text"": ""اجدابيا"", ""label"": ""LOC""}]",generated
حادث بين شاحنة وعدة سيارات في بوعطني في بنغازي وفيه اصابات خطيرة,Road/Transportation,High,بوعطني في بنغازي,"[{""start"": 30, ""end"": 46, ""text"": ""بوعطني في بنغازي"", ""label"": ""LOC""}]",generated
حريق ضخم التهم مخزنا لاحد التجار في تاجوراء شرق طرابلس,Fire/Explosion,High,تاجوراء شرق طرابلس,"[{""start"": 36, ""end"": 54, ""text"": ""تاجوراء شرق طرابلس"", ""label"": ""LOC""}]",real
فيه ناس محاصرين بالمية في قرقارش ونبو فرق انقاذ,People at Risk/Medical,Critical,قرقارش,"[{""start"": 26, ""end"": 32, ""text"": ""قرقارش"", ""label"": ""LOC""}]",generated
شاحنة قلبت فوق سيارات في غدامس فيه وفيات وناس محاصرين,Road/Transportation,Critical,غدامس,"[{""start"": 25, ""end"": 30, ""text"": ""غدامس"", ""label"": ""LOC""}]",generated
تعطل كامل للاتصالات والطاقة في وادي الربيع ومناطق مجاورة عمليات الطوارئ متوقفة وتحتاج دعم خارجي واسع,Infrastructure/Utilities,Critical,وادي الربيع,"[{""start"": 31, ""end"": 42, ""text"": ""وادي الربيع"", ""label"": ""LOC""}]",generated
كذا حساب مصرفي لرجال اعمال انخرقت الكترونيا وسحبوا منها مبالغ ضخمة عن طريق تطبيقات الموبايل,Other,Medium,غير محدد,[],generated
سيارة طلعت على الرصيف في الجميل السائق بخير والحركة رجعت عادي,Road/Transportation,Low,الجميل,"[{""start"": 25, ""end"": 31, ""text"": ""الجميل"", ""label"": ""LOC""}]",generated
وجود سيارة محروقة على الطريق العام في غوط الشعال بالقرب من شارع 11 العطرية,Fire/Explosion,Low,غوط الشعال,"[{""start"": 38, ""end"": 48, ""text"": ""غوط الشعال"", ""label"": ""LOC""}]",real
دخان وحريق بسيط في لوحة كهربائية داخل متجر في عين زارة في طرابلس,Fire/Explosion,Medium,عين زارة في طرابلس,"[{""start"": 46, ""end"": 64, ""text"": ""عين زارة في طرابلس"", ""label"": ""LOC""}]",generated
حريق في منزل ماهول مع اصابة شخص ونقله للعلاج,Fire/Explosion,HIGH,غير محدد,[],generated
انقطاع المياه في عدة مناطق في طرابلس تشمل السدرة وعرادة والدهماني وشرفة الملاحة,Infrastructure/Utilities,High,طرابلس,"[{""start"": 30, ""end"": 36, ""text"": ""طرابلس"", ""label"": ""LOC""}]",real
تجمع مياه امام عدد من المنازل في الكفرة,Flood/Severe Weather,Low,الكفرة,"[{""start"": 33, ""end"": 39, ""text"": ""الكفرة"", ""label"": ""LOC""}]",generated
ربي يصلح الحال الموضوع كله سوء تنظيم وخلاص,Other,Low,,[],generated
فيه مجموعة ناس في خطر في اوباري وعندهم اصابات,People at Risk/Medical,High,أوباري,"[{""start"": 25, ""end"": 31, ""text"": ""اوباري"", ""label"": ""LOC""}]",generated
الضي مقطوع من ساعات ومفيش حتى توضيح من الشركة,Infrastructure/Utilities,Medium,,[],generated
سيول متتابعة في مصراتة جرفت سيارات وحاصرت مئات السكان كل الموارد المحلية مستخدمة,Flood/Severe Weather,Critical,مصراتة,"[{""start"": 16, ""end"": 22, ""text"": ""مصراتة"", ""label"": ""LOC""}]",generated
عاصفة قوية ضربت السراج وخربت بيوت هلبة المستشفى المحلي يخدم على الطوارئ,Flood/Severe Weather,High,السراج,"[{""start"": 16, ""end"": 22, ""text"": ""السراج"", ""label"": ""LOC""}]",generated
سيول جارفة في الهواري في بنغازي مع وفيات ومفقودين,Flood/Severe Weather,Critical,الهواري في بنغازي,"[{""start"": 14, ""end"": 31, ""text"": ""الهواري في بنغازي"", ""label"": ""LOC""}]",generated
سيارة شادة فيها النار في طريق الجبس والناس تحاول تبعد السيارات,Fire/Explosion,Critical,طريق الجبس,"[{""start"": 25, ""end"": 35, ""text"": ""طريق الجبس"", ""label"": ""LOC""}]",generated
الوضع في سوق الجمعة من ناحية النظافة سيء ومحتاج متابعة,Other,Low,سوق الجمعة,"[{""start"": 9, ""end"": 19, ""text"": ""سوق الجمعة"", ""label"": ""LOC""}]",generated
سعر كيلو اللحمة طلع 65 دينار في طرابلس وما فيش حسيب ولا رقيب,Other,Low,طرابلس,"[{""start"": 32, ""end"": 38, ""text"": ""طرابلس"", ""label"": ""LOC""}]",generated
بلاغ عن اصطدام ثلاث مركبات الية واستجابة مركز الاتصال المحلي 1415,Road/Transportation,High,غير محدد في البلاغ,[],real
وفاة شاب اثر حادث سير مروع بطريق السكة بسبب السرعة الزائدة,Road/Transportation,Critical,طريق السكة طرابلس,"[{""start"": 28, ""end"": 38, ""text"": ""طريق السكة"", ""label"": ""LOC""}]",real
اعضاء هيئة التدريس في جامعة طرابلس عاملين اعتصام وداخلين في اضراب مفتوح والفصل الدراسي مهدد بالالغاء والطلبة حتضيع عليهم سنة,Other,Medium,جامعة طرابلس,"[{""start"": 22, ""end"": 34, ""text"": ""جامعة طرابلس"", ""label"": ""LOC""}]",generated
فيه حريق داخل مخزن في اجدابيا والمطافي مطلوبة بشكل عاجل,Fire/Explosion,Critical,أجدابيا,"[{""start"": 22, ""end"": 29, ""text"": ""اجدابيا"", ""label"": ""LOC""}]",generated
حريق في محطة الزاوية الجنوبية تسبب في انقطاع كامل للكهرباء وفق الشركة العامة للكهرباء,Fire/Explosion,High,محطة الزاوية الجنوبية,"[{""start"": 8, ""end"": 29, ""text"": ""محطة الزاوية الجنوبية"", ""label"": ""LOC""}]",real
شخص كبير في السن خرج من بيته في سبها وما رجعش اخر مشاهدة كانت قرب سوق الجديد,Other,High,سبها سوق الجديد,"[{""start"": 66, ""end"": 76, ""text"": ""سوق الجديد"", ""label"": ""LOC""}]",generated
نبو اسعاف بسرعة في البيضاء فيه مصاب محتاج نقل للمستشفى,People at Risk/Medical,Critical,البيضاء,"[{""start"": 19, ""end"": 26, ""text"": ""البيضاء"", ""label"": ""LOC""}]",generated
تنفيذ 4 عمليات سطو مسلح في ليلة واحدة بمدينة الجميل باستخدام سيارة تويوتا كامري شملت سرقة مبلغ 20 الف دينار من مواطن تحت تهديد السلاح,Other,High,الجميل,"[{""start"": 45, ""end"": 51, ""text"": ""الجميل"", ""label"": ""LOC""}]",real
موج عالي خش للكورنيش في قصر بن غشير وضر سيارات واقفة المنطقة تسكرت احتياط,Flood/Severe Weather,Medium,قصر بن غشير,"[{""start"": 24, ""end"": 35, ""text"": ""قصر بن غشير"", ""label"": ""LOC""}]",generated
قصر بن غشير الضي مقطوع فيها اكثر من 12 ساعة والمولدات خلصت الديزل,Infrastructure/Utilities,Medium,قصر بن غشير,"[{""start"": 0, ""end"": 11, ""text"": ""قصر بن غشير"", ""label"": ""LOC""}]",generated
اصطدام مركبة بالسياج الفاصل بين المسارين بالطريق الساحلي في تاجوراء بالقرب من شيل الرباش باتجاه الشرق,Road/Transportation,Medium,تاجوراء,"[{""start"": 60, ""end"": 67, ""text"": ""تاجوراء"", ""label"": ""LOC""}]",real
هبوط في جزء من الطريق في بني وليد مع اغلاق مسار واحد,Infrastructure/Utilities,Medium,بني وليد,"[{""start"": 25, ""end"": 33, ""text"": ""بني وليد"", ""label"": ""LOC""}]",generated
حادث اصطدام قرب برج ابو ليلة اسفر عن اصابات في مكان الحادث,Road/Transportation,High,برج أبو ليلة,"[{""start"": 16, ""end"": 28, ""text"": ""برج ابو ليلة"", ""label"": ""LOC""}]",real
تخزين البطاطا لفترة طويلة في محل للخضروات بمنطقة ابو مليانة بالقرب من مسجد قصودة ما ادى الى ظهور فطريات وانبعاث رائحة كريهة,Other,Low,أبو مليانة,"[{""start"": 49, ""end"": 59, ""text"": ""ابو مليانة"", ""label"": ""LOC""}]",real
النت فاصل كامل في السراج من الصبح وما فيش تغطية للدي اس ال كلمنا الدعم الفني ومحد رد علينا,Infrastructure/Utilities,Medium,السراج,"[{""start"": 18, ""end"": 24, ""text"": ""السراج"", ""label"": ""LOC""}]",generated
مشاكل وطوابير مرعبة قدام مستودع الغاز في الهواري بنغازي,Infrastructure/Utilities,Medium,الهواري وبنغازي,"[{""start"": 41, ""end"": 48, ""text"": ""الهواري"", ""label"": ""LOC""}, {""start"": 49, ""end"": 55, ""text"": ""بنغازي"", ""label"": ""LOC""}]",generated
البحر دخل لمسافة كبيرة داخل زليتن والناس تهرب من عدة احياء الوضع فوق قدرة البلدية,Flood/Severe Weather,Critical,زليتن,"[{""start"": 28, ""end"": 33, ""text"": ""زليتن"", ""label"": ""LOC""}]",generated
منظومة السجل المدني الرئيسي في طرابلس واقفة بسبب عطل فني في الخوادم وكل المعاملات الرسمية موقفة,Other,Medium,طرابلس,"[{""start"": 31, ""end"": 37, ""text"": ""طرابلس"", ""label"": ""LOC""}]",generated
وقوع حادث اصطدام لسيارة اجرة بطريق السكة مع وجود خطر سقوطها في الوادي,Road/Transportation,High,طريق السكة,"[{""start"": 30, ""end"": 40, ""text"": ""طريق السكة"", ""label"": ""LOC""}]",real
سقوط جزء صغير من سور منزل مهجور دون وجود اشخاص بالقرب منه,Other,LOW,غير محدد,[],generated
محاولة تفجير محطة التحلية وخزانات المياه في مدينة الزاوية,Other,High,الزاوية,"[{""start"": 50, ""end"": 57, ""text"": ""الزاوية"", ""label"": ""LOC""}]",real
زحمة هلبة في طريق المطار والحركة واقفة تقريبا,Road/Transportation,Medium,طريق المطار,"[{""start"": 13, ""end"": 24, ""text"": ""طريق المطار"", ""label"": ""LOC""}]",generated
اكثر من عشر مركبات تصادمن قرب سبها عدد كبير من المصابين والطريقين مسكرين بالكامل,Road/Transportation,Critical,سبها,"[{""start"": 30, ""end"": 34, ""text"": ""سبها"", ""label"": ""LOC""}]",generated
حالة في قرجي تحتاج سيارة اسعاف لنقلها الى مصحة صرمان بجانب مسجد اسامة,People at Risk/Medical,Medium,قرجي,"[{""start"": 8, ""end"": 12, ""text"": ""قرجي"", ""label"": ""LOC""}]",real
الطريق بعد سيمافرو القلب باتجاه الشرق شبه مغلق بسبب ازدحام شديد,Road/Transportation,Low,سيمافرو القلب,"[{""start"": 11, ""end"": 24, ""text"": ""سيمافرو القلب"", ""label"": ""LOC""}]",
طوابير طويلة قدام صراف الامان بمصراتة وتوا قالوا خلصت السيولة,Other,Low,مصراتة,"[{""start"": 31, ""end"": 37, ""text"": ""مصراتة"", ""label"": ""LOC""}]",generated
قارب مفقود قرب ساحل بني وليد وعلى متنه عدة اشخاص البحث البحري مستمر,People at Risk/Medical,High,بني وليد,"[{""start"": 20, ""end"": 28, ""text"": ""بني وليد"", ""label"": ""LOC""}]",generated
كابل الالياف الرئيسي انقطع وقت حفر عشوائي وواقفة منظومات الجوازات والمصارف في سبها كلها,Infrastructure/Utilities,High,سبها,"[{""start"": 78, ""end"": 82, ""text"": ""سبها"", ""label"": ""LOC""}]",generated
حالة داخل المستشفى الطبي بقسم النساء والولادة تحتاج فصيلة دم B,People at Risk/Medical,Medium,المستشفى الطبي,"[{""start"": 10, ""end"": 24, ""text"": ""المستشفى الطبي"", ""label"": ""LOC""}]",real
حادث سير في راس اجدير والرجاء اللي مستعجل يتفادى الطريق,Road/Transportation,High,رأس اجدير,"[{""start"": 12, ""end"": 21, ""text"": ""راس اجدير"", ""label"": ""LOC""}]",generated
سقوط عامل بناء من الطابق الثالث بالقرب من الاشارة الضوئية البطاطا,People at Risk/Medical,High,البطاطا,"[{""start"": 58, ""end"": 65, ""text"": ""البطاطا"", ""label"": ""LOC""}]",real
عطل فني بدائرة شمال بنغازي ادى الى انقطاع الكهرباء عن خطوط الربط بين المناطق,Infrastructure/Utilities,Medium,شمال بنغازي,"[{""start"": 15, ""end"": 26, ""text"": ""شمال بنغازي"", ""label"": ""LOC""}]",real
مقتل شاب عقب تعرضه لاعتداء في منطقة الحباشة بوادي الربيع,Other,High,الحباشة,"[{""start"": 36, ""end"": 43, ""text"": ""الحباشة"", ""label"": ""LOC""}]",real
سيول تضرب مدينة غات,Flood/Severe Weather,High,غات,"[{""start"": 16, ""end"": 19, ""text"": ""غات"", ""label"": ""LOC""}]",real
فجر اليوم تم اغلاق طريق المطار من بعد كوبري الخزانات باتجاهه للمطار لاستكمال اعمال رصف الطريق ومازالت الطريق مقفلة,Road/Transportation,Medium,طريق المطار,"[{""start"": 19, ""end"": 30, ""text"": ""طريق المطار"", ""label"": ""LOC""}, {""start"": 38, ""end"": 52, ""text"": ""كوبري الخزانات"", ""label"": ""LOC""}]",real
قيام مهاجر غير شرعي بسرقة احد المساجد في مدينة بنغازي,Other,Medium,بنغازي,"[{""start"": 47, ""end"": 53, ""text"": ""بنغازي"", ""label"": ""LOC""}]",real
رماية مسموعة في قرقارش والناس تبي تعرف شن صاير ابعدوا عن المكان,People at Risk/Medical,High,قرقارش,"[{""start"": 16, ""end"": 22, ""text"": ""قرقارش"", ""label"": ""LOC""}]",generated
فتحة الطريق في طريق المطار مسكرة والزحمة بدت تكبر,Road/Transportation,Medium,طريق المطار,"[{""start"": 15, ""end"": 26, ""text"": ""طريق المطار"", ""label"": ""LOC""}]",generated
شاحنة عاطلة في راس اجدير ومسببة اختناق في المرور,Road/Transportation,Medium,رأس اجدير,"[{""start"": 15, ""end"": 24, ""text"": ""راس اجدير"", ""label"": ""LOC""}]",generated
تجمع مياه امطار على جانب طريق المطار بسبب عدم وجود فتحات تصريف في الحاجز الخرساني,Infrastructure/Utilities,Low,طريق المطار,"[{""start"": 25, ""end"": 36, ""text"": ""طريق المطار"", ""label"": ""LOC""}]",real
حادث تصادم بين سيارتين في عين زارة ادى الى وفاة شخصين واصابة اخر,Road/Transportation,Critical,عين زارة,"[{""start"": 26, ""end"": 34, ""text"": ""عين زارة"", ""label"": ""LOC""}]",real
فيضانات وسيول مدينة درنة عقب اعصار دانيال,Flood/Severe Weather,Critical,درنة,"[{""start"": 20, ""end"": 24, ""text"": ""درنة"", ""label"": ""LOC""}]",real
انهيار مبنى متعدد الطوابق مع عدد من المفقودين تحت الانقاض,Other,CRITICAL,غير محدد,[],generated
انفجار في سوق مزدحم بودان سبب اصابات جماعية والمستشفيات طالبة تعزيزات عاجلة,Fire/Explosion,Critical,ودان,"[{""start"": 21, ""end"": 25, ""text"": ""ودان"", ""label"": ""LOC""}]",generated
ضغط المية ضعيف توا في صرمان لكن الخدمة ما وقفتش بالكامل,Infrastructure/Utilities,Low,صرمان,"[{""start"": 22, ""end"": 27, ""text"": ""صرمان"", ""label"": ""LOC""}]",generated
فيه عدة اشخاص عندهم اصابات خطيرة في غدامس,People at Risk/Medical,High,غدامس,"[{""start"": 36, ""end"": 41, ""text"": ""غدامس"", ""label"": ""LOC""}]",generated
السائق محشور في السيارة في البيضاء والشباب يحاولوا يطلعوه,People at Risk/Medical,Critical,البيضاء,"[{""start"": 27, ""end"": 34, ""text"": ""البيضاء"", ""label"": ""LOC""}]",generated
ارتفاع كبير في منسوب المياه في صلاح الدين في طرابلس مع اغلاق طرق رئيسية,Flood/Severe Weather,High,صلاح الدين في طرابلس,"[{""start"": 31, ""end"": 51, ""text"": ""صلاح الدين في طرابلس"", ""label"": ""LOC""}]",generated
حريق واسع في منشاة صناعية مع خطر انتشار المواد القابلة للاشتعال,Fire/Explosion,CRITICAL,غير محدد,[],generated
حريق في منطقة القطرون اتلف ممتلكات وارزاقا دون تسجيل خسائر بشرية اولية,Fire/Explosion,High,القطرون,"[{""start"": 14, ""end"": 21, ""text"": ""القطرون"", ""label"": ""LOC""}]",real
تحرك اليات امنية لانقاذ العالقين في بوعطني وسي منصور ببنغازي بعد السيول,People at Risk/Medical,High,بوعطني وسي منصور بنغازي,"[{""start"": 36, ""end"": 42, ""text"": ""بوعطني"", ""label"": ""LOC""}, {""start"": 44, ""end"": 60, ""text"": ""سي منصور ببنغازي"", ""label"": ""LOC""}]",real
توقف قلب لمريض واحد مع الحاجة الى تدخل اسعافي فوري,People at Risk/Medical,HIGH,غير محدد,[],generated
مدرسة في الكفرة سقوفها بدت تطيح والمية تنزل داخل الفصول وخطر حقيقي على الاطفال,Other,High,الكفرة,"[{""start"": 9, ""end"": 15, ""text"": ""الكفرة"", ""label"": ""LOC""}]",generated
انهيار واسع لمبنى سكني مع عدة اشخاص عالقين واحتياج لفرق انقاذ متخصصة,Other,CRITICAL,غير محدد,[],generated
حادث بين سيارتين في ابو سليم وفيه اثنين مصابين حالتهم مستقرة والاسعاف نقلهم,Road/Transportation,Medium,أبو سليم,"[{""start"": 20, ""end"": 28, ""text"": ""ابو سليم"", ""label"": ""LOC""}]",generated
فيضانات خطيرة في طمينة في مصراتة قطعت الطرق وهددت حياة السكان,Flood/Severe Weather,High,طمينة في مصراتة,"[{""start"": 17, ""end"": 32, ""text"": ""طمينة في مصراتة"", ""label"": ""LOC""}]",generated
توقف الاتصالات والطاقة مع بعض في الجفرة وعطلوا استجابة الاسعاف والاطفاء,Infrastructure/Utilities,High,الجفرة,"[{""start"": 33, ""end"": 39, ""text"": ""الجفرة"", ""label"": ""LOC""}]",generated
انفجار داخل مبنى مع اصابة خطيرة وشكوك حول استقرار السقف,Fire/Explosion,HIGH,غير محدد,[],generated
محطة صرف كبيرة في توكرة خرجت عن الخدمة والتلوث وصل لمنطقة سكنية,Infrastructure/Utilities,High,توكرة,"[{""start"": 18, ""end"": 23, ""text"": ""توكرة"", ""label"": ""LOC""}]",generated
لغوا رحلة تونس من غير ما يبلغوا المسافرين قبل والعائلات متكدسة في مطار معيتيقة,Road/Transportation,Low,مطار معيتيقة,"[{""start"": 66, ""end"": 78, ""text"": ""مطار معيتيقة"", ""label"": ""LOC""}]",generated
انقطاع الاتصالات والانترنت بالكامل عن مدينة الزاوية بسبب تخريب الغرفة الرئيسية لخطوط ابراج التغطية,Infrastructure/Utilities,High,الزاوية,"[{""start"": 44, ""end"": 51, ""text"": ""الزاوية"", ""label"": ""LOC""}]",real
عدة اشخاص اصيبوا باصابات متوسطة في موقع واحد ويحتاجون للنقل,People at Risk/Medical,MEDIUM,غير محدد,[],generated
مياه الصرف الصحي فاضت في جنزور وبدت تخش للحيشان نبو فريق الصيانة يشوف المشكلة بسرعة,Flood/Severe Weather,Medium,جنزور,"[{""start"": 25, ""end"": 30, ""text"": ""جنزور"", ""label"": ""LOC""}]",generated
سيول قوية حاصرت منازل واغلقت طرقا رئيسية,Flood/Severe Weather,High,غير محدد,[],generated
فيه شخص مغمى عليه في الليثي في بنغازي,People at Risk/Medical,Low,الليثي في بنغازي,"[{""start"": 21, ""end"": 37, ""text"": ""الليثي في بنغازي"", ""label"": ""LOC""}]",generated
الطريق في راس اجدير محتاج صيانة الحفر كل يوم تزيد,Road/Transportation,Low,رأس اجدير,"[{""start"": 10, ""end"": 19, ""text"": ""راس اجدير"", ""label"": ""LOC""}]",generated
حريق بشاحنة وقود في محطة بنزين بمنطقة شبنة,Fire/Explosion,Critical,شبنة بنغازي,"[{""start"": 38, ""end"": 42, ""text"": ""شبنة"", ""label"": ""LOC""}]",real
فقد اكثر من ستين مهاجرا بعد غرق قارب قبالة سواحل ليبيا وتم انقاذ خمسة واربعين,People at Risk/Medical,Critical,السواحل الليبية,"[{""start"": 43, ""end"": 54, ""text"": ""سواحل ليبيا"", ""label"": ""LOC""}]",real
حالة في منطقة مسلاتة العمامرة تحتاج نقلا الى مصحة الصفاء في الخمس,People at Risk/Medical,Medium,مسلاتة العمامرة,"[{""start"": 14, ""end"": 29, ""text"": ""مسلاتة العمامرة"", ""label"": ""LOC""}]",real
انهيار جزء من جدار قديم دون وجود اشخاص في المكان,Other,LOW,غير محدد,[],generated
حريق غرفة في حوش في سيدي حسين باقي الحوش سليم والناس طلعت قبل وصول المطافي,Fire/Explosion,Medium,سيدي حسين,"[{""start"": 20, ""end"": 29, ""text"": ""سيدي حسين"", ""label"": ""LOC""}]",generated
انهيار مبنى خدمي في تاجوراء شرق طرابلس مع اشخاص محاصرين تحت الانقاض,Infrastructure/Utilities,Critical,تاجوراء شرق طرابلس,"[{""start"": 20, ""end"": 38, ""text"": ""تاجوراء شرق طرابلس"", ""label"": ""LOC""}]",generated
شارع كوبري الفروسية جامع زيتونة منذ امس في الليل بدون كهرباء بسبب خلل في المحول,Infrastructure/Utilities,Medium,كوبري الفروسية,"[{""start"": 5, ""end"": 19, ""text"": ""كوبري الفروسية"", ""label"": ""LOC""}, {""start"": 20, ""end"": 31, ""text"": ""جامع زيتونة"", ""label"": ""LOC""}]",real
الطريق في سوق الجمعة مسكر توا بسبب اعمال صيانة,Road/Transportation,Medium,سوق الجمعة,"[{""start"": 10, ""end"": 20, ""text"": ""سوق الجمعة"", ""label"": ""LOC""}]",generated
شلالات وفيضانات محلية اثر امطار غزيرة على منطقة القلعة في يفرن,Flood/Severe Weather,High,القلعة يفرن,"[{""start"": 48, ""end"": 62, ""text"": ""القلعة في يفرن"", ""label"": ""LOC""}]",real
شارع الحدائق في بنغازي محتاج صيانة من زمان الطريق كله تكسير خاصة بعد الامطار,Road/Transportation,Medium,شارع الحدائق بنغازي,"[{""start"": 0, ""end"": 12, ""text"": ""شارع الحدائق"", ""label"": ""LOC""}]",generated
الارض هبطت في عدة شوارع بطريق الشط وانهارت مباني,Infrastructure/Utilities,Critical,طريق الشط,"[{""start"": 25, ""end"": 34, ""text"": ""طريق الشط"", ""label"": ""LOC""}]",generated
وفاة شخص اجنبي الجنسية اثر تعرضه لحادث دهس مروري اثناء عبوره بالطريق السريع في طرابلس بالقرب من جسر المشاة,Road/Transportation,High,الطريق السريع,"[{""start"": 62, ""end"": 75, ""text"": ""الطريق السريع"", ""label"": ""LOC""}]",real
فيه اطلاق نار ناحية الزاوية الافضل ما حدش يقرب توا,People at Risk/Medical,High,الزاوية,"[{""start"": 20, ""end"": 27, ""text"": ""الزاوية"", ""label"": ""LOC""}]",generated
حالة تسمم قوية في هون والمصاب داخل في غيبوبة الاسعاف طلب دعم طبي,People at Risk/Medical,High,هون,"[{""start"": 18, ""end"": 21, ""text"": ""هون"", ""label"": ""LOC""}]",generated
سيول قوية في جنزور غرب طرابلس حاصرت عددا من المنازل,Flood/Severe Weather,High,جنزور غرب طرابلس,"[{""start"": 13, ""end"": 29, ""text"": ""جنزور غرب طرابلس"", ""label"": ""LOC""}]",generated
طفح مياه صرف صحي في البيضاء اغلق شارعا فرعيا,Infrastructure/Utilities,Medium,البيضاء,"[{""start"": 20, ""end"": 27, ""text"": ""البيضاء"", ""label"": ""LOC""}]",generated
سبعة غرقى وستة عشر ناجيا على السواحل الليبية خلال يوم واحد,People at Risk/Medical,High,السواحل الليبية,"[{""start"": 29, ""end"": 44, ""text"": ""السواحل الليبية"", ""label"": ""LOC""}]",real
تسرب في خط صرف صحي رئيسي تسبب في هبوط بجزء من الطريق العام بمنطقة الهضبة الكيزة,Infrastructure/Utilities,High,الهضبة الكيزة,"[{""start"": 66, ""end"": 79, ""text"": ""الهضبة الكيزة"", ""label"": ""LOC""}]",real
حريق محدود في غرفة كهرباء بمبنى اداري وتم فصل مصدر الكهرباء,Fire/Explosion,MEDIUM,غير محدد,[],generated
سيارات واقفة في شارع قرجي بطرابلس تعرضت للتكسير,Other,Medium,شارع قرجي طرابلس,"[{""start"": 16, ""end"": 25, ""text"": ""شارع قرجي"", ""label"": ""LOC""}]",generated
سيول جارفة اثرت على عدة احياء وادت الى اجلاء اعداد كبيرة من السكان,Flood/Severe Weather,CRITICAL,غير محدد,[],generated
مية المطر تجمعت وشوارع البيفي غرقت والسيارات طايحة في الحفر,Flood/Severe Weather,Medium,البيفي ,"[{""start"": 23, ""end"": 29, ""text"": ""البيفي"", ""label"": ""LOC""}]",generated
عامل جرح يده جرح خفيف في مصراتة ومافيش نزيف خطير,People at Risk/Medical,Low,مصراتة,"[{""start"": 25, ""end"": 31, ""text"": ""مصراتة"", ""label"": ""LOC""}]",generated
مركبة فيها عدة اشخاص قلبت في غريان فيه وفيات واصابات حرجة,Road/Transportation,Critical,غريان,"[{""start"": 29, ""end"": 34, ""text"": ""غريان"", ""label"": ""LOC""}]",generated
الموج دخل لمنطقة سكنية في طريق الشط والاخلاء مهم بسبب استمرار الريح,Flood/Severe Weather,High,طريق الشط,"[{""start"": 26, ""end"": 35, ""text"": ""طريق الشط"", ""label"": ""LOC""}]",generated
امطار غزيرة سببت تجمعات مياه محدودة دون اضرار كبيرة,Flood/Severe Weather,LOW,غير محدد,[],generated
الدائري الثالث من جهة حي دمشق في حفرة من كبرها بتبلع السيارة حد يشوفلنا حل,Road/Transportation,High,الدائري الثالث حي دمشق,"[{""start"": 0, ""end"": 14, ""text"": ""الدائري الثالث"", ""label"": ""LOC""}]",generated
انهيار سقف مبنى ماهول مع شخص مفقود واحتمال وجود مصابين,Other,HIGH,غير محدد,[],generated
تصادم عند مفترق طريق الشط تسبب في ثلاث اصابات غير خطيرة المرور ينظم توا,Road/Transportation,Medium,طريق الشط,"[{""start"": 16, ""end"": 25, ""text"": ""طريق الشط"", ""label"": ""LOC""}]",generated
طفلة مريضة على متن قارب هجرة غير شرعية في وضع صحي طارئ,People at Risk/Medical,High,غير محدد في المنشور,[],real
شاب علق في مصعد خمس دقايق وطلعوه مافيش اصابات,People at Risk/Medical,Low,,[],generated
اسلاك ضغط عالي طايحة وسط شارع في القره بوللي وشخص تعرض لصعقة وحالته حرجة,Infrastructure/Utilities,High,القره بوللي,"[{""start"": 33, ""end"": 44, ""text"": ""القره بوللي"", ""label"": ""LOC""}]",generated
حادث خفيف عند رقدالين تسبب في زحمة بسيطة لا اصابات ولا تسريب وقود,Road/Transportation,Low,رقدالين,"[{""start"": 14, ""end"": 21, ""text"": ""رقدالين"", ""label"": ""LOC""}]",generated
حريق واسع في سوق في زريق في مصراتة مع تضرر عدد من المحال,Fire/Explosion,High,زريق في مصراتة,"[{""start"": 20, ""end"": 34, ""text"": ""زريق في مصراتة"", ""label"": ""LOC""}]",generated
انفجار انبوب مياه النهر الصناعي بخط 400 في اجدابيا ادى الى غرق طرق ومنازل,Infrastructure/Utilities,Critical,أجدابيا,"[{""start"": 43, ""end"": 50, ""text"": ""اجدابيا"", ""label"": ""LOC""}]",real
وقوع حادث اصطدام بالقرب من برج ابو ليلة ما اسفر عن وقوع اصابات,Road/Transportation,Medium,برج أبو ليلة,"[{""start"": 27, ""end"": 39, ""text"": ""برج ابو ليلة"", ""label"": ""LOC""}]",real
امطار غزيرة في البريقة تسببت في اغلاق طريق فرعي,Flood/Severe Weather,Medium,البريقة,"[{""start"": 15, ""end"": 22, ""text"": ""البريقة"", ""label"": ""LOC""}]",generated
نداء انساني الشاب ا م خرج من بيته في غوط الشعال وانقطع الاتصال بيه كامل وسيارته لقوها واقفة في جنب الطريق,People at Risk/Medical,High,غوط الشعال,"[{""start"": 37, ""end"": 47, ""text"": ""غوط الشعال"", ""label"": ""LOC""}]",generated
مياه سطحية غمرت جزءا صغيرا من الطريق دون دخولها للمنازل,Flood/Severe Weather,LOW,غير محدد,[],generated
اندلاع حريق داخل صيدلية بالدور الارضي لاحدى العمارات في ابو هريدة,Fire/Explosion,Medium,أبو هريدة,"[{""start"": 56, ""end"": 65, ""text"": ""ابو هريدة"", ""label"": ""LOC""}]",real
عدة اسر محاصرة فوق السطوح في حي الاندلس والمية مستمرة في الارتفاع,Flood/Severe Weather,High,حي الأندلس,"[{""start"": 29, ""end"": 39, ""text"": ""حي الاندلس"", ""label"": ""LOC""}]",generated
حادث في صلاح الدين في طرابلس فيه مصابين والطريق تسكر مؤقتا,Road/Transportation,High,صلاح الدين في طرابلس,"[{""start"": 8, ""end"": 28, ""text"": ""صلاح الدين في طرابلس"", ""label"": ""LOC""}]",generated
حريق كبير في منشاة مزدحمة في الخمس مع عشرات الاصابات,Fire/Explosion,Critical,الخمس,"[{""start"": 29, ""end"": 34, ""text"": ""الخمس"", ""label"": ""LOC""}]",generated
امطار وسيول شديدة في الكيش في بنغازي مع قتلى واجلاء اعداد كبيرة من السكان,Flood/Severe Weather,Critical,الكيش في بنغازي,"[{""start"": 21, ""end"": 36, ""text"": ""الكيش في بنغازي"", ""label"": ""LOC""}]",generated
انهيار واسع في شبكة الصرف بحي الاندلس لوث مصادر المية,Infrastructure/Utilities,Critical,حي الأندلس,"[{""start"": 27, ""end"": 37, ""text"": ""حي الاندلس"", ""label"": ""LOC""}]",generated
دهس متفرجين وسقوط فرسان اثناء مهرجان لمة اعقاد بمدينة الخمس مع وجود مصابين,People at Risk/Medical,High,الخمس,"[{""start"": 54, ""end"": 59, ""text"": ""الخمس"", ""label"": ""LOC""}]",real
حريق داخل مقهى مشواي بجانب مطعم كودو في فيلات البيبسي بطرابلس ادى الى وفاة شخصين,Fire/Explosion,High,فيلات البيبسي,"[{""start"": 40, ""end"": 53, ""text"": ""فيلات البيبسي"", ""label"": ""LOC""}]",real
انفجار ذخيرة داخل معسكر جنوب مصراتة يتبعه اشتعال النيران وتصاعد كثيف للدخان,Fire/Explosion,Critical,جنوب مصراتة,"[{""start"": 24, ""end"": 35, ""text"": ""جنوب مصراتة"", ""label"": ""LOC""}]",real
ريح حركت حواجز خفيفة في بني وليد تم تعديلها ومفيش اضرار ثانية,Flood/Severe Weather,Low,بني وليد,"[{""start"": 24, ""end"": 32, ""text"": ""بني وليد"", ""label"": ""LOC""}]",generated
سرقة محل ملابس في شارع طرابلس بمصراتة كاسرين الباب وداخلين في الليل,Other,Medium,شارع طرابلس مصراتة,"[{""start"": 18, ""end"": 29, ""text"": ""شارع طرابلس"", ""label"": ""LOC""}]",generated
تصادم بين ثلاثة سيارات وفيه زوز مصابين,Road/Transportation,High,غير محدد,[],generated
غبار خفيف في اجدابيا والرؤية مازالت مقبولة مافيش طرق مسكرة,Flood/Severe Weather,Low,أجدابيا,"[{""start"": 13, ""end"": 20, ""text"": ""اجدابيا"", ""label"": ""LOC""}]",generated
احتراق مخلفات في منطقة مفتوحة بعيدا عن المنازل وتمت السيطرة عليه,Fire/Explosion,LOW,غير محدد,[],generated
سقوط جدار خارجي صغير دون اصابات والمبنى المتبقي مستقر,Other,LOW,غير محدد,[],generated
انفجار اسطوانة غاز يشعل حريقا داخل مقهى بابو سليم ويخلف قتيلين واصابة احد عناصر الاطفاء,Fire/Explosion,Critical,أبو سليم,"[{""start"": 41, ""end"": 49, ""text"": ""ابو سليم"", ""label"": ""LOC""}]",real
حادث كبير وفيه اصابات خطيرة والطريق مسكر,Road/Transportation,High,غير محدد,[],generated
رياح قوية وسقوط اغصان اشجار في البيضاء,Flood/Severe Weather,Low,البيضاء,"[{""start"": 31, ""end"": 38, ""text"": ""البيضاء"", ""label"": ""LOC""}]",generated
ارتفاع سريع للمياه ادى الى محاصرة اشخاص داخل منازلهم,Flood/Severe Weather,HIGH,غير محدد,[],generated
حادث بسيط قدام الاشارة في تاورغاء المرور جي والدنيا ماشية,Road/Transportation,Low,تاورغاء,"[{""start"": 26, ""end"": 33, ""text"": ""تاورغاء"", ""label"": ""LOC""}]",generated
فيه شخص عالق داخل سيارة بعد حادث في الزاوية ونبو اسعاف وانقاذ,People at Risk/Medical,Critical,الزاوية,"[{""start"": 36, ""end"": 43, ""text"": ""الزاوية"", ""label"": ""LOC""}]",generated
عاصفة شديدة في الدافنية غرب مصراتة مع انهيار مبان وسقوط ضحايا,Flood/Severe Weather,Critical,الدافنية غرب مصراتة,"[{""start"": 15, ""end"": 34, ""text"": ""الدافنية غرب مصراتة"", ""label"": ""LOC""}]",generated
غمر كامل للطوابق الارضية للمباني السكنية والطرق المجاورة بمياه الفيضانات ليلا في مدينة درنة,Flood/Severe Weather,High,درنة,"[{""start"": 87, ""end"": 91, ""text"": ""درنة"", ""label"": ""LOC""}]",real
سيور الشنط في مطار بنينا الدولي ببنغازي خربانة وامتعة المسافرين متكدسة وفوضى والمسافرين محتجين,Road/Transportation,Low,مطار بنينا الدولي وبنغازي,"[{""start"": 14, ""end"": 31, ""text"": ""مطار بنينا الدولي"", ""label"": ""LOC""}, {""start"": 33, ""end"": 39, ""text"": ""بنغازي"", ""label"": ""LOC""}]",generated
حالة طارئة في قرقارش ومحتاجين سيارة اسعاف باسرع وقت,People at Risk/Medical,Critical,قرقارش,"[{""start"": 14, ""end"": 20, ""text"": ""قرقارش"", ""label"": ""LOC""}]",generated
اصابة طعنية في البطن لمواطن في المرج ادت الى نزيف حاد واستدعت جراحة طارئة,People at Risk/Medical,High,المرج,"[{""start"": 31, ""end"": 36, ""text"": ""المرج"", ""label"": ""LOC""}]",real
انقطاع كهرباء عن شارع واحد في يفرن,Infrastructure/Utilities,Low,يفرن,"[{""start"": 30, ""end"": 34, ""text"": ""يفرن"", ""label"": ""LOC""}]",generated
النت ضعيف هلبا في حي الاندلس,Infrastructure/Utilities,Low,حي الاندلس,"[{""start"": 18, ""end"": 28, ""text"": ""حي الاندلس"", ""label"": ""LOC""}]",generated
سيارة دخلت في واجهة محل بالسراج اصابة واحدة مستقرة والمكان تم تامينه,Road/Transportation,Medium,السراج,"[{""start"": 25, ""end"": 31, ""text"": ""السراج"", ""label"": ""LOC""}]",generated
واحد مدفون جزئيا بعد انهيار ترابي في يفرن,People at Risk/Medical,High,يفرن,"[{""start"": 37, ""end"": 41, ""text"": ""يفرن"", ""label"": ""LOC""}]",generated
انقطاع الكهرباء عن مدينة الكفرة بسبب عطل في احد الكوابل,Infrastructure/Utilities,Medium,الكفرة,"[{""start"": 25, ""end"": 31, ""text"": ""الكفرة"", ""label"": ""LOC""}]",real
الهواء قوي هلبة في ابو سليم ردوا بالكم من الحواجز واللوحات,Flood/Severe Weather,Low,أبو سليم,"[{""start"": 19, ""end"": 27, ""text"": ""ابو سليم"", ""label"": ""LOC""}]",generated
طفل طاح وهو يلعب في بنغازي وعنده خدش بسيط اهله معاه ومش محتاج اسعاف عاجل,People at Risk/Medical,Low,بنغازي,"[{""start"": 20, ""end"": 26, ""text"": ""بنغازي"", ""label"": ""LOC""}]",generated
عائلة عالقة بسبب تجمع المياه في البيضاء ومحتاجة مساعدة,People at Risk/Medical,Critical,البيضاء,"[{""start"": 32, ""end"": 39, ""text"": ""البيضاء"", ""label"": ""LOC""}]",generated
سيارة كبيرة عاطلة في سلوق جنوب بنغازي ومسببة بطء في حركة المرور,Road/Transportation,Low,سلوق جنوب بنغازي,"[{""start"": 21, ""end"": 37, ""text"": ""سلوق جنوب بنغازي"", ""label"": ""LOC""}]",generated
ارتفاع كارثي للمية في سيدي حسين غمر مستشفى واحياء سكنية نقل المرضى جاري بصعوبة,Flood/Severe Weather,Critical,سيدي حسين,"[{""start"": 22, ""end"": 31, ""text"": ""سيدي حسين"", ""label"": ""LOC""}]",generated
الطريق في غريان واقف من الزحمة اللي يقدر ياخذ مسار ثاني,Road/Transportation,Medium,غريان,"[{""start"": 10, ""end"": 15, ""text"": ""غريان"", ""label"": ""LOC""}]",generated
سيارة خشت في عمود انارة في طريق الشط في طرابلس وفيه زوز مصابين,Road/Transportation,High,طريق الشط في طرابلس,"[{""start"": 27, ""end"": 46, ""text"": ""طريق الشط في طرابلس"", ""label"": ""LOC""}]",generated
تسرب كبير من خط مياه في الخمس غمر جزءا من الشارع,Infrastructure/Utilities,Medium,الخمس,"[{""start"": 24, ""end"": 29, ""text"": ""الخمس"", ""label"": ""LOC""}]",generated
كوبري المشاة في طريق الشط محتاج تنظيف,Infrastructure/Utilities,Low,طريق الشط,"[{""start"": 16, ""end"": 25, ""text"": ""طريق الشط"", ""label"": ""LOC""}]",generated
دخان طالع من مخزن في الهضبة والريحة قوية نبو المطافي والاسعاف يجو للمكان,Fire/Explosion,Medium,الهضبة,"[{""start"": 21, ""end"": 27, ""text"": ""الهضبة"", ""label"": ""LOC""}]",generated
الصرف فاض في عدة شوارع بشحات البلدية سكرت المكان وجابت مضخات,Infrastructure/Utilities,Medium,شحات,"[{""start"": 24, ""end"": 28, ""text"": ""شحات"", ""label"": ""LOC""}]",generated
شاحنة محملة وقود زاغت فوق كوبري حي السلام في بنغازي والبنزين ساح في الطريق,Fire/Explosion,High,كوبري حي السلام وبنغازي,"[{""start"": 26, ""end"": 41, ""text"": ""كوبري حي السلام"", ""label"": ""LOC""}, {""start"": 45, ""end"": 51, ""text"": ""بنغازي"", ""label"": ""LOC""}]",generated
غرق مركب مهاجرين قبالة ساحل راس المركب غرب طبرق مع انقاذ عدد من الركاب,People at Risk/Medical,Critical,رأس المركب غرب طبرق,"[{""start"": 28, ""end"": 47, ""text"": ""راس المركب غرب طبرق"", ""label"": ""LOC""}]",real
عاصفة شديدة في قرقارش في طرابلس مع اضرار واسعة بالمنازل وشبكة الكهرباء,Flood/Severe Weather,High,قرقارش في طرابلس,"[{""start"": 15, ""end"": 31, ""text"": ""قرقارش في طرابلس"", ""label"": ""LOC""}]",generated
راجل كبير طايح في منطقة البركة في بنغازي,People at Risk/Medical,Low,البركة في بنغازي,"[{""start"": 24, ""end"": 40, ""text"": ""البركة في بنغازي"", ""label"": ""LOC""}]",generated
معاملات الناس واقفة في مصلحة الاملاك العقارية بالزاوية بسبب اضراب الموظفين,Other,Low,الزاوية,"[{""start"": 47, ""end"": 54, ""text"": ""الزاوية"", ""label"": ""LOC""}]",generated
انهيار جزئي في سقف محل والعمال جميعهم خرجوا دون اصابات,Other,MEDIUM,غير محدد,[],generated
حافلة فيها اطفال تعطلت وسط سيول قرب توكرة عدد كبير في خطر والانقاذ الجماعي جاري,People at Risk/Medical,Critical,توكرة,"[{""start"": 36, ""end"": 41, ""text"": ""توكرة"", ""label"": ""LOC""}]",generated
اندلاع حريق باسباب مجهولة داخل محطة الكهرباء في منطقة سوق الخميس امسيحيل,Fire/Explosion,High,سوق الخميس إمسيحيل,"[{""start"": 54, ""end"": 72, ""text"": ""سوق الخميس امسيحيل"", ""label"": ""LOC""}]",real
حافلة ركاب طاحت من كوبري قرب صرمان وفيات متعددة وعمليات انقاذ جماعية توا,Road/Transportation,Critical,صرمان,"[{""start"": 29, ""end"": 34, ""text"": ""صرمان"", ""label"": ""LOC""}]",generated
ضغط الميه ضعيف واجد في الدافنية من الصبح والناس مش قادرة تعبي خزاناتها,Infrastructure/Utilities,Medium,الدافنية,"[{""start"": 23, ""end"": 31, ""text"": ""الدافنية"", ""label"": ""LOC""}]",generated
وفاة ثلاثة اشخاص واصابة اثنين اثر حادث سير قرب الكفرة,Road/Transportation,Critical,الكفرة,"[{""start"": 47, ""end"": 53, ""text"": ""الكفرة"", ""label"": ""LOC""}]",real
دخان خفيف من غرفة تخزين صغيرة وتم اخماد المصدر دون اصابات,Fire/Explosion,LOW,غير محدد,[],generated
عمل تخريبي وحريق في الغرفة الرئيسية لاتصالات المنطقة الغربية بشركة هاتف ليبيا ادى لاضرار جسيمة وتذبذب خدمات الاتصالات,Infrastructure/Utilities,High,المنطقة الغربية,"[{""start"": 45, ""end"": 60, ""text"": ""المنطقة الغربية"", ""label"": ""LOC""}]",real
حافلة تقل ركابا تعرضت لحادث مع عدد كبير من المصابين والحاجة لعدة فرق اسعاف,Road/Transportation,CRITICAL,غير محدد,[],generated
شاب مصاب في البيضاء ومحتاج اسعاف,People at Risk/Medical,High,البيضاء,"[{""start"": 12, ""end"": 19, ""text"": ""البيضاء"", ""label"": ""LOC""}]",generated
كسر محدود في خط مياه في نالوت,Infrastructure/Utilities,Low,نالوت,"[{""start"": 24, ""end"": 29, ""text"": ""نالوت"", ""label"": ""LOC""}]",generated
سكروا مطعم وجبات سريعة في زليتن بسبب تسمم مجموعة من الزبائن البارح بالليل,People at Risk/Medical,Medium,زليتن,"[{""start"": 26, ""end"": 31, ""text"": ""زليتن"", ""label"": ""LOC""}]",generated
ارتفاع منسوب المياه وغرق منطقة السدرة كليا مما استدعى التدخل بسيارات الشفط لاجلاء العالقين داخل مركباتهم,Flood/Severe Weather,Critical,السدرة,"[{""start"": 31, ""end"": 37, ""text"": ""السدرة"", ""label"": ""LOC""}]",generated
لهب بسيط طلع من بوتاغاز برا حوش في السراج تسكر الصمام والحمد لله مافيش اصابات,Fire/Explosion,Low,السراج,"[{""start"": 35, ""end"": 41, ""text"": ""السراج"", ""label"": ""LOC""}]",generated
فتحة الطريق في سوق الجمعة مسكرة والزحمة بدت تكبر,Road/Transportation,Medium,سوق الجمعة,"[{""start"": 15, ""end"": 25, ""text"": ""سوق الجمعة"", ""label"": ""LOC""}]",generated
انغلاق الشارع الرئيسي ومحاصرة السكان داخل منازلهم لثلاثة ايام نتيجة تجمع مياه الامطار وغرق الطريق بمنطقة عين زارة,Flood/Severe Weather,High,عين زارة,"[{""start"": 105, ""end"": 113, ""text"": ""عين زارة"", ""label"": ""LOC""}]",real
وجود مخلفات حرب في ارض بمنطقة عين زارة تعرضت لقذائف,Other,High,عين زارة,"[{""start"": 30, ""end"": 38, ""text"": ""عين زارة"", ""label"": ""LOC""}]",real
مطارمصراتة اندلاع النيران في طائرة خاصة على متنها طاقم تركي اثناء هبوطها وخروجها عن المدرج,Fire/Explosion,Critical,مطار_مصراتة,"[{""start"": 0, ""end"": 10, ""text"": ""مطارمصراتة"", ""label"": ""LOC""}]",real
زحمة كبيرة في قسم الطوارئ بمستشفى الطبي بطرابلس ونقص في الاطباء المناوبين الليلة,People at Risk/Medical,Medium,مستشفى الطبي وطرابلس,"[{""start"": 27, ""end"": 39, ""text"": ""مستشفى الطبي"", ""label"": ""LOC""}, {""start"": 41, ""end"": 47, ""text"": ""طرابلس"", ""label"": ""LOC""}]",generated
انقطاع مياه في معتيقة والناس تسال متى ترجع,Infrastructure/Utilities,Medium,معتيقة,"[{""start"": 15, ""end"": 21, ""text"": ""معتيقة"", ""label"": ""LOC""}]",generated
انفجار في مخزن وقود في اوباري مع قتلى وعدد كبير من المصابين,Fire/Explosion,Critical,أوباري,"[{""start"": 23, ""end"": 29, ""text"": ""اوباري"", ""label"": ""LOC""}]",generated
راجل كبير تعثر في الكفرة ويشتبهوا في كسر العلامات الحيوية مستقرة,People at Risk/Medical,Medium,الكفرة,"[{""start"": 18, ""end"": 24, ""text"": ""الكفرة"", ""label"": ""LOC""}]",generated
مشادات كلامية وفوضى في الحرم الجامعي بجامعة طرابلس بسبب القبول والتسجيل,Other,Low,جامعة طرابلس,"[{""start"": 38, ""end"": 50, ""text"": ""جامعة طرابلس"", ""label"": ""LOC""}]",generated
مفيش نافطة بسهولة في الخمس والطوابير خانقة الشارع,Infrastructure/Utilities,Medium,الخمس,"[{""start"": 21, ""end"": 26, ""text"": ""الخمس"", ""label"": ""LOC""}]",generated
حريق ضخم في محل ملابس بشارع طرابلس في مصراتة مع خسائر مادية,Fire/Explosion,High,شارع طرابلس مصراتة,"[{""start"": 23, ""end"": 44, ""text"": ""شارع طرابلس في مصراتة"", ""label"": ""LOC""}]",real
دراجة اصطدمت بسيارة في سوق الجمعة المصاب واعي ويحتاج علاج لكن حالته مش حرجة,Road/Transportation,Medium,سوق الجمعة,"[{""start"": 23, ""end"": 33, ""text"": ""سوق الجمعة"", ""label"": ""LOC""}]",generated
طريق المطار في سبها فيه تجمع مية واجد بعد المطر والسيارات قاعدة تمر بصعوبة,Flood/Severe Weather,High,طريق المطار سبها,"[{""start"": 0, ""end"": 11, ""text"": ""طريق المطار"", ""label"": ""LOC""}]",generated
اندلاع عدة حرائق في منطقة وادي البلاد بمدينة بني وليد,Fire/Explosion,Critical,وادي البلاد بني وليد,"[{""start"": 26, ""end"": 53, ""text"": ""وادي البلاد بمدينة بني وليد"", ""label"": ""LOC""}]",real
اخماد حريق داخل ورشة سيارات قرب مسجد الصحابة في الزاوية دون تسجيل خسائر,Fire/Explosion,Medium,الزاوية,"[{""start"": 48, ""end"": 55, ""text"": ""الزاوية"", ""label"": ""LOC""}]",real
فيه مصاب في الزاوية بعد سقوطه في الطريق والناس واقفة معاه,People at Risk/Medical,High,الزاوية,"[{""start"": 12, ""end"": 19, ""text"": ""الزاوية"", ""label"": ""LOC""}]",generated
قارب صغير تعطل قريب من شاطئ سرت والركاب وصلوا سالمين,People at Risk/Medical,Low,سرت,"[{""start"": 28, ""end"": 31, ""text"": ""سرت"", ""label"": ""LOC""}]",generated
المية قاعدة ترتفع بسرعة في عين زارة وغرقت عدة حياش اخلاء الحي بدا,Flood/Severe Weather,High,عين زارة,"[{""start"": 27, ""end"": 35, ""text"": ""عين زارة"", ""label"": ""LOC""}]",generated
ريحة حريق من كوشة في قرقارش العاملين سيطروا عليها قبل ما تكبر,Fire/Explosion,Low,قرقارش,"[{""start"": 21, ""end"": 27, ""text"": ""قرقارش"", ""label"": ""LOC""}]",generated
ردوا بالكم سيارة شاعلة في طريق الجبس والزحمة بدت تزيد,Fire/Explosion,High,طريق الجبس,"[{""start"": 26, ""end"": 36, ""text"": ""طريق الجبس"", ""label"": ""LOC""}]",generated
هبوط وانهيار في الطريق الرابط بين جسر سيدي بنور وتاجوراء,Infrastructure/Utilities,High,تاجوراء,"[{""start"": 49, ""end"": 56, ""text"": ""تاجوراء"", ""label"": ""LOC""}]",real
مفيش نافطة بسهولة في عين زارة والطوابير خانقة الشارع,Infrastructure/Utilities,Medium,عين زارة,"[{""start"": 21, ""end"": 29, ""text"": ""عين زارة"", ""label"": ""LOC""}]",generated
انقطاع مياه في الخمس والناس تسال متى ترجع,Infrastructure/Utilities,Medium,الخمس,"[{""start"": 15, ""end"": 20, ""text"": ""الخمس"", ""label"": ""LOC""}]",generated
مصرع اب وابنه غرقا في شاطئ توكرة اثناء محاولة انقاذ فاشلة,People at Risk/Medical,Critical,شاطئ توكرة,"[{""start"": 22, ""end"": 32, ""text"": ""شاطئ توكرة"", ""label"": ""LOC""}]",real
حريق كبير في سوق مزدحم في مرزق مع وفيات واصابات متعددة,Fire/Explosion,Critical,مرزق,"[{""start"": 26, ""end"": 30, ""text"": ""مرزق"", ""label"": ""LOC""}]",generated
زحمة هلبة في بنغازي والحركة واقفة تقريبا,Road/Transportation,Medium,بنغازي,"[{""start"": 13, ""end"": 19, ""text"": ""بنغازي"", ""label"": ""LOC""}]",generated
حريق في محول كهرباء بالقرب من مستشفى العطايا بمنطقة القربوللي,Fire/Explosion,Medium,القربوللي,"[{""start"": 52, ""end"": 61, ""text"": ""القربوللي"", ""label"": ""LOC""}]",real
خرج وما رجعش سيارة الشاب المفقود لقوها قريب من بوابة الخمس وتلفونه مقفول,People at Risk/Medical,High,بوابة الخمس,"[{""start"": 47, ""end"": 58, ""text"": ""بوابة الخمس"", ""label"": ""LOC""}]",generated
حادث بسيط بين كرهبتين وما فيش اصابات,Road/Transportation,Low,غير محدد,[],generated
دخان كثيف وحريق في مخزن قريب من اجدابيا الرجاء اخلاء المكان,Fire/Explosion,Critical,أجدابيا,"[{""start"": 32, ""end"": 39, ""text"": ""اجدابيا"", ""label"": ""LOC""}]",generated
جريان محدود لمياه الامطار في طبرق,Flood/Severe Weather,Low,طبرق,"[{""start"": 29, ""end"": 33, ""text"": ""طبرق"", ""label"": ""LOC""}]",generated
غرق كوبري المزاريع وتراكم مياه السيول مما ادى الى تعطيل حركة السير تماما وغرق عدة سيارات بمنطقة السراج,Flood/Severe Weather,High,السراج,"[{""start"": 96, ""end"": 102, ""text"": ""السراج"", ""label"": ""LOC""}]",real
حريق كبير ومحدش عارف بالضبط وين بدا نبو تدخل سريع,Fire/Explosion,High,,[],generated
شعلت النار في مخزن مواد بلاستيك في المنطقة الصناعية مصراتة والدخان مغطي السماء,Fire/Explosion,High,المنطقة الصناعية مصراتة,"[{""start"": 35, ""end"": 58, ""text"": ""المنطقة الصناعية مصراتة"", ""label"": ""LOC""}]",generated
انفجار للذخيرة داخل احد المعسكرات في منطقة الغيران بمصراتة يتبعه اشتعال النيران,Fire/Explosion,Critical,الغيران مصراتة,"[{""start"": 43, ""end"": 58, ""text"": ""الغيران بمصراتة"", ""label"": ""LOC""}]",real
وقوع حادث اصطدام عند سيمافرو السبعة,Road/Transportation,Medium,سيمافرو السبعة,"[{""start"": 21, ""end"": 35, ""text"": ""سيمافرو السبعة"", ""label"": ""LOC""}]",real
حريق محدود دون اصابات,Fire/Explosion,Medium,غير محدد,[],generated
نبو اسعاف بسرعة في تاجورا فيه مصاب محتاج نقل للمستشفى,People at Risk/Medical,Critical,تاجورا,"[{""start"": 19, ""end"": 25, ""text"": ""تاجورا"", ""label"": ""LOC""}]",generated
وجود مواطن مصاب بعيار ناري داخل مستشفى القلب في تاجوراء ويرفض نقله الى مستشفى مختصة,People at Risk/Medical,High,تاجوراء,"[{""start"": 48, ""end"": 55, ""text"": ""تاجوراء"", ""label"": ""LOC""}]",real
حريق في مزرعة ببنت بية امتد سريعا الى المزارع المجاورة واستدعى دعم فرق الاطفاء,Fire/Explosion,High,بنت بية,"[{""start"": 15, ""end"": 22, ""text"": ""بنت بية"", ""label"": ""LOC""}]",real
انفجار محدود في مطبخ منزل تسبب في اصابات بسيطة واضرار محدودة,Fire/Explosion,MEDIUM,غير محدد,[],generated
العثور على جثة طفل حديث الولادة داخل مكب النفايات بطريق المطار,Other,High,طريق المطار,"[{""start"": 51, ""end"": 62, ""text"": ""طريق المطار"", ""label"": ""LOC""}]",real
محاولة سطو على المنازل وسرقة الاغنام من قبل عمالة وافدة في محلة القاعة بمدينة زليتن,Other,Medium,محلة القاعة,"[{""start"": 59, ""end"": 70, ""text"": ""محلة القاعة"", ""label"": ""LOC""}]",real
المطر قوي من الصبح والطرق بدت تجمع مية ردوا بالكم,Flood/Severe Weather,Medium,,[],generated
انفجار في منشاة صناعية مع تسرب مادة خطرة باتجاه منطقة سكنية,Fire/Explosion,CRITICAL,غير محدد,[],generated
فيه اطلاق نار ناحية طريق الجامعة الافضل ما حدش يقرب توا,People at Risk/Medical,High,طريق الجامعة,"[{""start"": 20, ""end"": 32, ""text"": ""طريق الجامعة"", ""label"": ""LOC""}]",generated
فيه شخص عالق داخل سيارة بعد حادث في تاجورا ونبو اسعاف وانقاذ,People at Risk/Medical,Critical,تاجورا,"[{""start"": 36, ""end"": 42, ""text"": ""تاجورا"", ""label"": ""LOC""}]",generated
كلاب شرسة تتمشى قريب من مدارس الاطفال في السراج وخطر كبير,Other,Medium,السراج,"[{""start"": 41, ""end"": 47, ""text"": ""السراج"", ""label"": ""LOC""}]",generated
انهيار ترابي بعد الشتا في وادي الربيع سكر الطريق وفيه احتمال سيارة مدفونة,Flood/Severe Weather,High,وادي الربيع,"[{""start"": 26, ""end"": 37, ""text"": ""وادي الربيع"", ""label"": ""LOC""}]",generated
انارة شارع عشرين في بنغازي فيها اعطال واجدة نص الشارع تقريبا مظلم,Infrastructure/Utilities,Medium,شارع عشرين بنغازي,"[{""start"": 6, ""end"": 16, ""text"": ""شارع عشرين"", ""label"": ""LOC""}]",generated
عملية سطو مسلح على شاحنة وقود بالقرب من تقاطع الزنتان كانت متجهة الى نالوت تحديدا محطة فليفيل على طريق الجبل,Other,High,تقاطع الزنتان,"[{""start"": 40, ""end"": 53, ""text"": ""تقاطع الزنتان"", ""label"": ""LOC""}]",real
امطار غزيرة لفترة قصيرة في شحات مع تجمعات مياه محدودة,Flood/Severe Weather,Low,شحات,"[{""start"": 27, ""end"": 31, ""text"": ""شحات"", ""label"": ""LOC""}]",generated
غازات وريحة خايبة خانقة طالعة من مصنع الاسمنت في الخمس وتضر بصدور الناس اللي ساكنة حد المصنع,Other,High,الخمس,"[{""start"": 49, ""end"": 54, ""text"": ""الخمس"", ""label"": ""LOC""}]",generated
شخص تعرض للدهس في عين زارة بالقرب من النصب التذكاري ومحل استبرق لمواد التنظيف ويحتاج الى اسعاف,Road/Transportation,Medium,عين زارة,"[{""start"": 18, ""end"": 26, ""text"": ""عين زارة"", ""label"": ""LOC""}]",real
اربعة اشخاص عندهم تسمم من الاكل في صرمان,People at Risk/Medical,Low,صرمان,"[{""start"": 35, ""end"": 40, ""text"": ""صرمان"", ""label"": ""LOC""}]",generated
حريق في مخزن اسلحة تابع لمعسكر اللواء الثالث بمنطقة عين زارة,Fire/Explosion,Critical,عين زارة,"[{""start"": 52, ""end"": 60, ""text"": ""عين زارة"", ""label"": ""LOC""}]",real
زحمة خانقة قدام مصرف الوحدة فرع زليتن وصارت مشادات بالايدي بسبب سوء تنظيم توزيع السيولة,Other,Medium,زليتن,"[{""start"": 32, ""end"": 37, ""text"": ""زليتن"", ""label"": ""LOC""}]",generated
في بنت صغيرة رايحة من اهلها في سوق الجمعة اخر مرة شافوها جنب مسجد التوبة,Other,High,سوق الجمعة مسجد التوبة,"[{""start"": 31, ""end"": 41, ""text"": ""سوق الجمعة"", ""label"": ""LOC""}]",generated
سد وادي المجينين فيه فشل واضح والمية تهدد احياء كاملة الاخلاء الشامل بدا,Infrastructure/Utilities,Critical,وادي المجينين,"[{""start"": 3, ""end"": 16, ""text"": ""وادي المجينين"", ""label"": ""LOC""}]",generated
فرق الانقاذ البحري تنتشر على الشواطئ الليبية للحد من حوادث الغرق,People at Risk/Medical,Medium,الشواطئ الليبية,"[{""start"": 29, ""end"": 44, ""text"": ""الشواطئ الليبية"", ""label"": ""LOC""}]",real
فيه عدة صغار عندهم تسمم خطير في بني وليد,People at Risk/Medical,High,بني وليد,"[{""start"": 32, ""end"": 40, ""text"": ""بني وليد"", ""label"": ""LOC""}]",generated
سيارة خبطت عمود انارة مطفي في الجفرة السائق طلع سليم ومافيش اسلاك مكشوفة,Road/Transportation,Low,الجفرة,"[{""start"": 30, ""end"": 36, ""text"": ""الجفرة"", ""label"": ""LOC""}]",generated
انفجار وحريق ضخم مع وفيات واصابات,Fire/Explosion,Critical,غير محدد,[],generated
سلك كهرباء مقطوع في خمسة شوارع بعين زارة وشارع السرول مع بلاغ عن حريق في الغابة بالقرب من جزيرة الدرن,Infrastructure/Utilities,High,عين زارة وشارع السرول وجزيرة الدرن,"[{""start"": 32, ""end"": 40, ""text"": ""عين زارة"", ""label"": ""LOC""}, {""start"": 42, ""end"": 53, ""text"": ""شارع السرول"", ""label"": ""LOC""}, {""start"": 90, ""end"": 101, ""text"": ""جزيرة الدرن"", ""label"": ""LOC""}]",real
انقطاع المياه عن مقر جهاز مكافحة الجرائم المالية بمنطقة الظهرة بالقرب من جزيرة جنة العريف,Infrastructure/Utilities,Low,الظهرة,"[{""start"": 56, ""end"": 62, ""text"": ""الظهرة"", ""label"": ""LOC""}]",real
وقوع حادث تصادم بين مركبتين امام مقر وزارة الخارجية في تاجوراء من جزيرة اسبان الى الاندلسي دون اضرار بشرية مع الحاجة الى المرور بالموقع,Road/Transportation,Low,تاجوراء,"[{""start"": 55, ""end"": 62, ""text"": ""تاجوراء"", ""label"": ""LOC""}]",real
حريق داخل ورشة صيانة في قصر احمد في مصراتة مع اصابتين طفيفتين,Fire/Explosion,High,قصر أحمد في مصراتة,"[{""start"": 24, ""end"": 42, ""text"": ""قصر احمد في مصراتة"", ""label"": ""LOC""}]",generated
انقطاع تام للكهرباء في مناطق المنطقة الغربية بالكامل دون معرفة الاسباب,Infrastructure/Utilities,High,المنطقة الغربية,"[{""start"": 29, ""end"": 44, ""text"": ""المنطقة الغربية"", ""label"": ""LOC""}]",real
الكهربا قاطعة على جزء من درنة من كم ساعة فرق الصيانة تخدم والوضع محلي,Infrastructure/Utilities,Medium,درنة,"[{""start"": 25, ""end"": 29, ""text"": ""درنة"", ""label"": ""LOC""}]",generated
عملية سطو مسلح على مواطن وسرقة هاتفه بالقرب من مسجد السيدة عائشة بمنطقة السراج في مدينة طرابلس,Other,High,السراج,"[{""start"": 72, ""end"": 78, ""text"": ""السراج"", ""label"": ""LOC""}]",real
نار ولعت في محل صغير في الليثي فيه اضرار هلبا في البضاعة لكن مافيش اصابات خطيرة,Fire/Explosion,Medium,الليثي,"[{""start"": 24, ""end"": 30, ""text"": ""الليثي"", ""label"": ""LOC""}]",generated
انفجار داخل ورشة في نالوت مع حريق واسع واصابات,Fire/Explosion,Critical,نالوت,"[{""start"": 20, ""end"": 25, ""text"": ""نالوت"", ""label"": ""LOC""}]",generated
اشتعال النيران في كمية من الاشجار والحشائش الجافة بجانب الطريق العام بمنطقة القوارشة,Fire/Explosion,Low,القوارشة,"[{""start"": 76, ""end"": 84, ""text"": ""القوارشة"", ""label"": ""LOC""}]",real
حمولة طاحت من شاحنة في سوق الجمعة في طرابلس وما فيش اصابات,Road/Transportation,Low,سوق الجمعة في طرابلس,"[{""start"": 23, ""end"": 43, ""text"": ""سوق الجمعة في طرابلس"", ""label"": ""LOC""}]",generated
حافلة صغيرة خبطت في حاجز بجنزور خمسة ركاب تعالجوا واصاباتهم مستقرة,Road/Transportation,Medium,جنزور,"[{""start"": 26, ""end"": 31, ""text"": ""جنزور"", ""label"": ""LOC""}]",generated
العثور على الطفل بعد فقدانه في واد بتهالا,People at Risk/Medical,low,تهالا,"[{""start"": 36, ""end"": 41, ""text"": ""تهالا"", ""label"": ""LOC""}]",real
تصادم بين مركبتين مع اصابتين متوسطتين والطريق قابل للمرور,Road/Transportation,MEDIUM,غير محدد,[],generated
الشبكة قاطعة كامل من ما طاح برج الاتصالات في ترهونة بسبب الرياح,Infrastructure/Utilities,Medium,ترهونة,"[{""start"": 45, ""end"": 51, ""text"": ""ترهونة"", ""label"": ""LOC""}]",generated
حريق باشجار النخيل في واحة تازربو بالكفرة,Fire/Explosion,High,تازربو الكفرة,"[{""start"": 27, ""end"": 41, ""text"": ""تازربو بالكفرة"", ""label"": ""LOC""}]",real
وفاة اثني عشر سودانيا بينهم نساء واطفال في حادث تصادم على الطريق العام شمال الكفرة,Road/Transportation,Critical,شمال الكفرة,"[{""start"": 71, ""end"": 82, ""text"": ""شمال الكفرة"", ""label"": ""LOC""}]",real
انفجار خط غاز رئيسي في عين زارة في طرابلس مع اصابات خطيرة واخلاء المنطقة,Infrastructure/Utilities,High,عين زارة في طرابلس,"[{""start"": 23, ""end"": 41, ""text"": ""عين زارة في طرابلس"", ""label"": ""LOC""}]",generated
شاحنة وقود انقلبت في سيدي حسين والتسريب قريب من حياش والاخلاء المحدود بدا,Road/Transportation,High,سيدي حسين,"[{""start"": 21, ""end"": 30, ""text"": ""سيدي حسين"", ""label"": ""LOC""}]",generated
مياه المطر متجمعة قدام البيوت في تاجوراء والناس تستنى في سيارات الشفط,Infrastructure/Utilities,Medium,تاجوراء,"[{""start"": 33, ""end"": 40, ""text"": ""تاجوراء"", ""label"": ""LOC""}]",generated
انسداد خط صرف صحي رئيسي في اوباري مع طفح المياه بعدة شوارع,Infrastructure/Utilities,Medium,أوباري,"[{""start"": 27, ""end"": 33, ""text"": ""اوباري"", ""label"": ""LOC""}]",generated
مفيش نافطة بسهولة في اوباري والطوابير خانقة الشارع,Infrastructure/Utilities,Medium,أوباري,"[{""start"": 21, ""end"": 27, ""text"": ""اوباري"", ""label"": ""LOC""}]",generated
اعمدة الانارة طاحت بسبب الرياح في طريق الشط,Infrastructure/Utilities,Medium,طريق الشط,"[{""start"": 34, ""end"": 43, ""text"": ""طريق الشط"", ""label"": ""LOC""}]",generated
نقص كبير في حليب الاطفال في المستشفيات العامة والصيدليات والتجار محتكرينه ويبيعوه بضعف السعر,Other,Medium,غير محدد,[],generated
رماية مسموعة في البيضاء والناس تبي تعرف شن صاير ابعدوا عن المكان,People at Risk/Medical,High,البيضاء,"[{""start"": 16, ""end"": 23, ""text"": ""البيضاء"", ""label"": ""LOC""}]",generated
جريان مياه قوي قرب ابو سليم في طرابلس قطع طريقا محليا,Flood/Severe Weather,Medium,أبو سليم في طرابلس,"[{""start"": 19, ""end"": 37, ""text"": ""ابو سليم في طرابلس"", ""label"": ""LOC""}]",generated
تسرب غاز واسع في قرقارش في طرابلس مع حالات اختناق واخلاء سكان,Infrastructure/Utilities,Critical,قرقارش في طرابلس,"[{""start"": 17, ""end"": 33, ""text"": ""قرقارش في طرابلس"", ""label"": ""LOC""}]",generated
فيه خطر انهيار سد فوق الليثي السكان في مسار المية واخلاء واسع مطلوب توا,Flood/Severe Weather,Critical,الليثي,"[{""start"": 22, ""end"": 28, ""text"": ""الليثي"", ""label"": ""LOC""}]",generated
تجمعات كبيرة لمياه الامطار في تازربو مع تعطل عدد من المركبات,Flood/Severe Weather,Medium,تازربو,"[{""start"": 30, ""end"": 36, ""text"": ""تازربو"", ""label"": ""LOC""}]",generated
تجمع مياه الغدير امام المدارس بمنطقة صلاح الدين مما يمنع الطلبة من الخروج للشارع,Flood/Severe Weather,Medium,صلاح الدين,"[{""start"": 37, ""end"": 47, ""text"": ""صلاح الدين"", ""label"": ""LOC""}]",generated
حريق في منزل ماهول مع شخص غير قادر على الخروج بمفرده,Fire/Explosion,HIGH,غير محدد,[],generated
المحول في عين زارة ضرب والشارع كله بدون كهرباء,Infrastructure/Utilities,High,عين زارة,"[{""start"": 10, ""end"": 18, ""text"": ""عين زارة"", ""label"": ""LOC""}]",generated
انفجار اسطوانة غاز هيليوم داخل سيارة مقابل شركة ليبيانا في مدينة الزاوية ادى الى وفاة شخص واصابة اخر اصابة خطيرة,Fire/Explosion,High,الزاوية,"[{""start"": 65, ""end"": 72, ""text"": ""الزاوية"", ""label"": ""LOC""}]",real
حادث خطير في طبرق فيه وفيات ومفقودين,People at Risk/Medical,Critical,طبرق,"[{""start"": 13, ""end"": 17, ""text"": ""طبرق"", ""label"": ""LOC""}]",generated
عطل في محول الكهرباء في معتيقة ومحتاج صيانة عاجلة,Infrastructure/Utilities,High,معتيقة,"[{""start"": 24, ""end"": 30, ""text"": ""معتيقة"", ""label"": ""LOC""}]",generated
حفريات في طريق المطار من مدة والخدمة واقفة ومافيش توضيح,Other,Low,طريق المطار,"[{""start"": 10, ""end"": 21, ""text"": ""طريق المطار"", ""label"": ""LOC""}]",generated
مصرف التجاري فرع الميدان طرابلس زحمة هلبا وما فيش سيولة,Other,Low,الميدان وطرابلس,"[{""start"": 17, ""end"": 24, ""text"": ""الميدان"", ""label"": ""LOC""}, {""start"": 25, ""end"": 31, ""text"": ""طرابلس"", ""label"": ""LOC""}]",generated
وجود تسرب في شبكة مياه النهر بالقرب من السجل المدني البطاطا وتحديدا بعمارات البطاطا,Infrastructure/Utilities,Low,البطاطا,"[{""start"": 52, ""end"": 59, ""text"": ""البطاطا"", ""label"": ""LOC""}]",real
غرق بعض شوارع مدينة الزاوية بعد هطول امطار غزيرة,Flood/Severe Weather,High,الزاوية,"[{""start"": 20, ""end"": 27, ""text"": ""الزاوية"", ""label"": ""LOC""}]",real
انهيار جزئي لمبنى تجاري في سوق الجمعة بطرابلس بعد الهزة الارضية الناس هربوا لكن فيه اصابات من سقوط الحجارة,Flood/Severe Weather,Medium,سوق الجمعة بطرابلس,"[{""start"": 27, ""end"": 45, ""text"": ""سوق الجمعة بطرابلس"", ""label"": ""LOC""}]",generated
انفجار قوي وحريق في غات مع وفيات ومصابين,Fire/Explosion,Critical,غات,"[{""start"": 20, ""end"": 23, ""text"": ""غات"", ""label"": ""LOC""}]",generated
عركة كبيرة في شارع جرابة بطرابلس وقفوا السيارات والطريق زحمة من وراهم,Other,High,شارع جرابة طرابلس,"[{""start"": 14, ""end"": 24, ""text"": ""شارع جرابة"", ""label"": ""LOC""}]",generated
فيه حاجة سوداء مرمية جنب الطريق المؤدي للميناء في مصراتة شكلها مش طبيعي,Other,Critical,الطريق المؤدي للميناء مصراتة,"[{""start"": 25, ""end"": 46, ""text"": ""الطريق المؤدي للميناء"", ""label"": ""LOC""}]",generated
مطر خفيف وتجمع مية بسيط في درنة الطريق مفتوح ومافيش حياش متضررة,Flood/Severe Weather,Low,درنة,"[{""start"": 27, ""end"": 31, ""text"": ""درنة"", ""label"": ""LOC""}]",generated
الكوادر الطبية المساعدة في ليبيا تؤكد استمرار العصيان المدني للمطالبة بحقوقها المهنية,Other,Low,,"[{""start"": 27, ""end"": 32, ""text"": ""ليبيا"", ""label"": ""LOC""}]",real
تجمع محدود لمياه الامطار في احد الشوارع في زليتن,Flood/Severe Weather,Low,زليتن,"[{""start"": 43, ""end"": 48, ""text"": ""زليتن"", ""label"": ""LOC""}]",generated
تهجم عناصر القاطع الحدودي على اعضاء هيئة التدريس وطلبة كلية التقنية الطبية مصراتة الان والتعدي على املاك الكلية والحرم الجامعي,People at Risk/Medical,High,كلية التقنية الطبية مصراتة,"[{""start"": 55, ""end"": 81, ""text"": ""كلية التقنية الطبية مصراتة"", ""label"": ""LOC""}]",real
رياح عاتية في قنفودة غرب بنغازي مع سقوط اعمدة كهرباء واضرار بالمباني,Flood/Severe Weather,High,قنفودة غرب بنغازي,"[{""start"": 14, ""end"": 31, ""text"": ""قنفودة غرب بنغازي"", ""label"": ""LOC""}]",generated
عملية سطو مسلح في وسط مدينة طرابلس وسرقة مبلغ 670 الف دينار من سيارة مواطن,Other,High,طرابلس,"[{""start"": 28, ""end"": 34, ""text"": ""طرابلس"", ""label"": ""LOC""}]",real
وجود صاروخ RPG غير منفجر داخل قطعة ارض بمنطقة قصر بن غشير,Other,High,قصر بن غشير,"[{""start"": 46, ""end"": 57, ""text"": ""قصر بن غشير"", ""label"": ""LOC""}]",real
سيارة زلقت في عين زارة في طرابلس وما فيش اصابات,Road/Transportation,Low,عين زارة في طرابلس,"[{""start"": 14, ""end"": 32, ""text"": ""عين زارة في طرابلس"", ""label"": ""LOC""}]",generated
تاخر اصدار البطاقة الشخصية والكتيب العائلي في مكتب السجل المدني تاجوراء اكثر من شهرين بسبب نقص الخام,Other,Low,تاجوراء,"[{""start"": 64, ""end"": 71, ""text"": ""تاجوراء"", ""label"": ""LOC""}]",generated
مدرسة في غريان ما فيهاش كراسي كفاية والتلاميذ يقعدوا في الارض طول الحصص,Other,Low,غريان,"[{""start"": 9, ""end"": 14, ""text"": ""غريان"", ""label"": ""LOC""}]",generated
محتجون في منطقة السدرة يطالبون بمعالجة تسريب مياه شبكة الصرف الصحي لما يترتب عليه من ازمة صحية بالمنطقة,Infrastructure/Utilities,High,السدرة,"[{""start"": 16, ""end"": 22, ""text"": ""السدرة"", ""label"": ""LOC""}]",real
الابلاغ عن اختطاف ثلاثة مواطنين من منزلهم في مدينة طرابلس من قبل جهة مجهولة,Other,High,طرابلس,"[{""start"": 51, ""end"": 57, ""text"": ""طرابلس"", ""label"": ""LOC""}]",real
حريق في محل البيت الليبي للمواد المنزلية بمدينة سرت,Fire/Explosion,Medium,سرت,"[{""start"": 48, ""end"": 51, ""text"": ""سرت"", ""label"": ""LOC""}]",real
اندلاع حرائق في غابات منطقة البياضة بالجبل الاخضر,Fire/Explosion,High,البياضة الجبل الأخضر,"[{""start"": 28, ""end"": 49, ""text"": ""البياضة بالجبل الاخضر"", ""label"": ""LOC""}]",real
المحول في الخمس ضرب والشارع كله بدون كهرباء,Infrastructure/Utilities,High,الخمس,"[{""start"": 10, ""end"": 15, ""text"": ""الخمس"", ""label"": ""LOC""}]",generated
انقطاع مياه النهر في منطقة الهضبة الحداد بالقرب من مسجد البوزيدي,Infrastructure/Utilities,Medium,الهضبة الحداد,"[{""start"": 27, ""end"": 40, ""text"": ""الهضبة الحداد"", ""label"": ""LOC""}]",real
ارتفاع كبير في منسوب مياه السيول يؤدي الى غرق الشوارع الرئيسية ومحاصرة المركبات والمنازل في درنة,Flood/Severe Weather,High,درنة,"[{""start"": 92, ""end"": 96, ""text"": ""درنة"", ""label"": ""LOC""}]",real
حادث جماعي في البيضاء فيه وفيات واصابات خطيرة واجدة,People at Risk/Medical,Critical,البيضاء,"[{""start"": 14, ""end"": 21, ""text"": ""البيضاء"", ""label"": ""LOC""}]",generated
مقتل شاب اثر تعرضه لاطلاق نار في مدينة الزاوية,Other,High,الزاوية,"[{""start"": 39, ""end"": 46, ""text"": ""الزاوية"", ""label"": ""LOC""}]",real
الصرف الصحي فايض في معتيقة والريحة والمية في نص الشارع,Infrastructure/Utilities,High,معتيقة,"[{""start"": 20, ""end"": 26, ""text"": ""معتيقة"", ""label"": ""LOC""}]",generated
حريق محدود في محول كهربائي فرعي بمنطقة راس حسن مع تصاعد ادخنة,Fire/Explosion,Low,رأس حسن,"[{""start"": 39, ""end"": 46, ""text"": ""راس حسن"", ""label"": ""LOC""}]",real
تصادم بين سيارتين في الهضبة في طرابلس وفيه ثلاثة مصابين,Road/Transportation,High,الهضبة في طرابلس,"[{""start"": 21, ""end"": 37, ""text"": ""الهضبة في طرابلس"", ""label"": ""LOC""}]",generated
المية مقطوعة على الدهماني من الصبح ومفيش توضيح,Infrastructure/Utilities,Medium,الدهماني,"[{""start"": 17, ""end"": 25, ""text"": ""الدهماني"", ""label"": ""LOC""}]",generated
سيول سريعة تهدد عددا كبيرا من المنازل والسكان في المنطقة,Flood/Severe Weather,CRITICAL,غير محدد,[],generated
انفجارات متتالية داخل منشاة صناعية مع حريق وخطر وصول النيران لخزانات اخرى,Fire/Explosion,CRITICAL,غير محدد,[],generated
شوية اعشاب يابسة شعلن في طرف تاجوراء النار محدودة وبعيدة على الحياش,Fire/Explosion,Low,تاجوراء,"[{""start"": 29, ""end"": 36, ""text"": ""تاجوراء"", ""label"": ""LOC""}]",generated
سقوط شخص داخل بئر مهجورة بعمق 20 متر بمنطقة عين زارة بطرابلس وعمليات الانقاذ جارية,People at Risk/Medical,High,عين زارة,"[{""start"": 44, ""end"": 52, ""text"": ""عين زارة"", ""label"": ""LOC""}]",real
الوديان فاضت حول سرت وكل مخارج المنطقة تقريبا مسكرة عشرات العائلات محتاجة انقاذ,Flood/Severe Weather,Critical,سرت,"[{""start"": 17, ""end"": 20, ""text"": ""سرت"", ""label"": ""LOC""}]",generated
وقوع حادث اصطدام بالقرب من بوابة بير عياد وبير غنم,Road/Transportation,Medium,بوابة بير عياد,"[{""start"": 27, ""end"": 41, ""text"": ""بوابة بير عياد"", ""label"": ""LOC""}]",real
النيران تشتعل في طائرة خاصة عقب تحطمها اثناء الهبوط بمطار مصراتة الدولي,Fire/Explosion,Critical,مطار مصراتة الدولي,"[{""start"": 53, ""end"": 71, ""text"": ""مطار مصراتة الدولي"", ""label"": ""LOC""}]",real
حريق داخل مقهى في طرابلس يخلف قتيلين واصابة عنصر اطفاء,Fire/Explosion,Critical,طرابلس,"[{""start"": 18, ""end"": 24, ""text"": ""طرابلس"", ""label"": ""LOC""}]",real
فيه حالات اختناق واجدة في سبها وبعضهم محتاجين رعاية عاجلة,People at Risk/Medical,High,سبها,"[{""start"": 26, ""end"": 30, ""text"": ""سبها"", ""label"": ""LOC""}]",generated
حريقة خفيفة في سيارة مركونة بسوق الجمعة صاحبها لحق عليها والمطافي تاكدت ان الوضع تمام,Fire/Explosion,Low,سوق الجمعة,"[{""start"": 29, ""end"": 39, ""text"": ""سوق الجمعة"", ""label"": ""LOC""}]",generated
تعطل شامل لشبكة المياه في ابو سليم في طرابلس عن مرافق صحية واحياء واسعة,Infrastructure/Utilities,Critical,أبو سليم في طرابلس,"[{""start"": 26, ""end"": 44, ""text"": ""ابو سليم في طرابلس"", ""label"": ""LOC""}]",generated
حريق في شقة سكنية في الليثي في بنغازي مع تسجيل حالتي اختناق,Fire/Explosion,High,الليثي في بنغازي,"[{""start"": 21, ""end"": 37, ""text"": ""الليثي في بنغازي"", ""label"": ""LOC""}]",generated
انفجار خط مية في قصر بن غشير غمر حياش وهدد اساسات مباني قريبة,Infrastructure/Utilities,High,قصر بن غشير,"[{""start"": 17, ""end"": 28, ""text"": ""قصر بن غشير"", ""label"": ""LOC""}]",generated
حادث قريب من جزيرة القدس بطرابلس سيارة ضربت واحد من باعة الخضرة المتجولين,Road/Transportation,Medium,جزيرة القدس وطرابلس,"[{""start"": 13, ""end"": 24, ""text"": ""جزيرة القدس"", ""label"": ""LOC""}, {""start"": 26, ""end"": 32, ""text"": ""طرابلس"", ""label"": ""LOC""}]",generated
سقوط لوحة اعلانية بسبب الرياح في اجدابيا,Flood/Severe Weather,Low,أجدابيا,"[{""start"": 33, ""end"": 40, ""text"": ""اجدابيا"", ""label"": ""LOC""}]",generated
راجل طايح في مصرف وما نعرفوش حالته,People at Risk/Medical,Medium,غير محدد,[],generated
شبكة الكهربا انهارت في ابو سليم ومناطق واسعة المستشفيات بدون احتياط كافي وحياة المرضى في خطر,Infrastructure/Utilities,Critical,أبو سليم,"[{""start"": 23, ""end"": 31, ""text"": ""ابو سليم"", ""label"": ""LOC""}]",generated
طريق رئيسي في سوق الجمعة انقطع والسيارات عالقة فيه بلاغ على شخص مفقود,Flood/Severe Weather,High,سوق الجمعة,"[{""start"": 14, ""end"": 24, ""text"": ""سوق الجمعة"", ""label"": ""LOC""}]",generated
حريق في مخزن تجاري والحرائق بدات تمتد الى جزء اخر من المبنى,Fire/Explosion,HIGH,غير محدد,[],generated
انقطاع الكهرباء في السراج نتيجة التعدي على الكوابل اثناء توسعة الطريق,Infrastructure/Utilities,High,السراج,"[{""start"": 19, ""end"": 25, ""text"": ""السراج"", ""label"": ""LOC""}]",real
يا جماعة من يعرف مكتب الخدمة في غريان فاتح اليوم ولا لا,Other,Low,غريان,"[{""start"": 32, ""end"": 37, ""text"": ""غريان"", ""label"": ""LOC""}]",generated
احتراق محطة كهرباء بالكامل في وسط الزاوية الغربية بعد استهدافها بطائرة مسيرة,Fire/Explosion,High,وسط الزاوية,"[{""start"": 30, ""end"": 41, ""text"": ""وسط الزاوية"", ""label"": ""LOC""}]",real
فيه مصاب في طريق الجامعة بعد سقوطه في الطريق والناس واقفة معاه,People at Risk/Medical,High,طريق الجامعة,"[{""start"": 12, ""end"": 24, ""text"": ""طريق الجامعة"", ""label"": ""LOC""}]",generated
فيه شخص ضايع في صبراتة,People at Risk/Medical,Low,صبراتة,"[{""start"": 16, ""end"": 22, ""text"": ""صبراتة"", ""label"": ""LOC""}]",generated
وقوع حادث تصادم بين مركبتين بالقرب من فتحة سيدي سليم بطريق المطار في طرابلس,Road/Transportation,Medium,طريق المطار,"[{""start"": 54, ""end"": 65, ""text"": ""طريق المطار"", ""label"": ""LOC""}]",real
ارتفاع منسوب مياه الامطار بدخلة عرادة وتكون غدير مائي كبير ادى الى محاصرة المنازل وتعطل حركة السير,Flood/Severe Weather,High,عرادة,"[{""start"": 32, ""end"": 37, ""text"": ""عرادة"", ""label"": ""LOC""}]",generated
حريق هائل يلتهم احد محلات الجملة في منطقة الحشان بطرابلس,Fire/Explosion,High,الحشان,"[{""start"": 42, ""end"": 48, ""text"": ""الحشان"", ""label"": ""LOC""}]",real
عمود تلفون مايل شوية في ترهونة لكنه بعيد على الطريق والناس,Infrastructure/Utilities,Low,ترهونة,"[{""start"": 24, ""end"": 30, ""text"": ""ترهونة"", ""label"": ""LOC""}]",generated
اندلاع حريق داخل مركز تحفيظ القران بمسجد ابي الشاطر بمنطقة عرادة في سوق الجمعة,Fire/Explosion,Medium,عرادة,"[{""start"": 59, ""end"": 64, ""text"": ""عرادة"", ""label"": ""LOC""}]",real
زحمة هلبة في راس اجدير والحركة واقفة تقريبا,Road/Transportation,Medium,رأس اجدير,"[{""start"": 13, ""end"": 22, ""text"": ""راس اجدير"", ""label"": ""LOC""}]",generated
فيه ناس محاصرين بالمية في طريق الجامعة ونبو فرق انقاذ,People at Risk/Medical,Critical,طريق الجامعة,"[{""start"": 26, ""end"": 38, ""text"": ""طريق الجامعة"", ""label"": ""LOC""}]",generated
شاطئ قرقارش تواصل عمليات حفر الشاطئ من قبل عدد من الافارقة بحثا عن اشياء مدفونة,Other,Low,شاطئ قرقارش,"[{""start"": 0, ""end"": 11, ""text"": ""شاطئ قرقارش"", ""label"": ""LOC""}]",real
معاملة خايبة وضياع الشنط كل شوية في خطوط الطيران بمطار بنينا الدولي,Road/Transportation,Low,مطار بنينا الدولي,"[{""start"": 50, ""end"": 67, ""text"": ""مطار بنينا الدولي"", ""label"": ""LOC""}]",generated
اربع حالات اجهاد من الحر في اوباري تلقوا اسعاف وحالتهم مستقرة,People at Risk/Medical,Medium,أوباري,"[{""start"": 28, ""end"": 34, ""text"": ""اوباري"", ""label"": ""LOC""}]",generated
حادث كبير في الدافنية غرب مصراتة وفيه ناس محاصرين داخل السيارات,Road/Transportation,High,الدافنية غرب مصراتة,"[{""start"": 13, ""end"": 32, ""text"": ""الدافنية غرب مصراتة"", ""label"": ""LOC""}]",generated
انهيار واسع بعد انفجار بمصنع في يفرن عشرات العمال مش معروف مصيرهم وخطر انفجار ثاني قائم,Fire/Explosion,Critical,يفرن,"[{""start"": 32, ""end"": 36, ""text"": ""يفرن"", ""label"": ""LOC""}]",generated
حادث بين سيارتين في بنغازي ومسبب زحمة كبيرة,Road/Transportation,High,بنغازي,"[{""start"": 20, ""end"": 26, ""text"": ""بنغازي"", ""label"": ""LOC""}]",generated
حافلة ركاب قلبت في الهواري في بنغازي وفيه عدد كبير من الركاب مصابين,Road/Transportation,High,الهواري في بنغازي,"[{""start"": 19, ""end"": 36, ""text"": ""الهواري في بنغازي"", ""label"": ""LOC""}]",generated
حريق كبير في مستودع في طمينة في مصراتة مع امتداد النيران الى مبنى مجاور,Fire/Explosion,High,طمينة في مصراتة,"[{""start"": 23, ""end"": 38, ""text"": ""طمينة في مصراتة"", ""label"": ""LOC""}]",generated
الصرف الصحي فايض في الدهماني والريحة والمية في نص الشارع,Infrastructure/Utilities,High,الدهماني,"[{""start"": 20, ""end"": 28, ""text"": ""الدهماني"", ""label"": ""LOC""}]",generated
فيضانات في مدينة غريان بعد امطار غزيرة وسيول محلية,Flood/Severe Weather,High,غريان,"[{""start"": 17, ""end"": 22, ""text"": ""غريان"", ""label"": ""LOC""}]",real
وجود امراة مغمى عليها داخل محكمة سوق الجمعة,People at Risk/Medical,High,محكمة سوق الجمعة,"[{""start"": 27, ""end"": 43, ""text"": ""محكمة سوق الجمعة"", ""label"": ""LOC""}]",real
الكلاب الضالة منتشرة بشكل مخيف في شوارع حي دمشق وطفل صغير عضوه وهو راجع من المسجد وقت المغرب,Other,Medium,حي دمشق,"[{""start"": 40, ""end"": 47, ""text"": ""حي دمشق"", ""label"": ""LOC""}]",generated
انفجار كبير هدم مبنى في شحات عدد كبير مفقود والاسعاف المحلي مش مكفي,Fire/Explosion,Critical,شحات,"[{""start"": 24, ""end"": 28, ""text"": ""شحات"", ""label"": ""LOC""}]",generated
حريق داخل صيدلية فينيقياء بجانب سوق النوفليين وتم اخماده بواسطة الدفاع المدني,Fire/Explosion,Medium,سوق النوفليين طرابلس,"[{""start"": 32, ""end"": 45, ""text"": ""سوق النوفليين"", ""label"": ""LOC""}]",real
الانارة انقطعت فجاة في مدرج مطار سبها وقت ما كانت رحلة داخلية تهبط واضطرت الطيارة ترجع ولا لطف ربي كانت صارت كارثة والانارة لسا ما رجعتش,Road/Transportation,High,مطار سبها,"[{""start"": 28, ""end"": 37, ""text"": ""مطار سبها"", ""label"": ""LOC""}]",generated
شاحنة عاطلة في سوق الجمعة ومسببة اختناق في المرور,Road/Transportation,Medium,سوق الجمعة,"[{""start"": 15, ""end"": 25, ""text"": ""سوق الجمعة"", ""label"": ""LOC""}]",generated
انفجار غاز في حوش بصرمان واحد حالته حرجة وجزء من السقف طاح,Fire/Explosion,High,صرمان,"[{""start"": 19, ""end"": 24, ""text"": ""صرمان"", ""label"": ""LOC""}]",generated
انقطاع سلك كهربائي وعطل بكبينة بالقرب من جامع فتروش بمنطقة الكريمية,Infrastructure/Utilities,Medium,الكريمية,"[{""start"": 59, ""end"": 67, ""text"": ""الكريمية"", ""label"": ""LOC""}]",real
فيه مصاب في قرقارش بعد سقوطه في الطريق والناس واقفة معاه,People at Risk/Medical,High,قرقارش,"[{""start"": 12, ""end"": 18, ""text"": ""قرقارش"", ""label"": ""LOC""}]",generated
معبر راس اجدير طابور التوانسة يجري جري والليبيين قاعدين ما تحركوش من امس,Road/Transportation,Low,معبر رأس اجدير,"[{""start"": 0, ""end"": 14, ""text"": ""معبر راس اجدير"", ""label"": ""LOC""}]",real
انطلاق حملة امنية في مدينة زوارة لحماية المدينة ومكافحة الهجرة غير الشرعية والجماعات الخطرة,Other,Low,زوارة,"[{""start"": 27, ""end"": 32, ""text"": ""زوارة"", ""label"": ""LOC""}]",real
في واحد عالق داخل مصعد في عمارة بمنطقة الكيش ببنغازي من مدة حد يجي يشوف حل,People at Risk/Medical,High,الكيش بنغازي,"[{""start"": 39, ""end"": 44, ""text"": ""الكيش"", ""label"": ""LOC""}]",generated
شن قصة سيمافرو صلاح الدين ليه اسبوع مايخدمش امتى بيتصلح,Infrastructure/Utilities,Medium,سيمافرو صلاح الدين,"[{""start"": 7, ""end"": 25, ""text"": ""سيمافرو صلاح الدين"", ""label"": ""LOC""}]",generated
حافلة طاحت من منحدر في يفرن فيه وفيات واصابات متعددة,Road/Transportation,Critical,يفرن,"[{""start"": 23, ""end"": 27, ""text"": ""يفرن"", ""label"": ""LOC""}]",generated
حاجز مروري طاح في سلوق وخبط سيارة الضرر خفيف ومافيش اصابات,Road/Transportation,Low,سلوق,"[{""start"": 18, ""end"": 22, ""text"": ""سلوق"", ""label"": ""LOC""}]",generated
السائق محشور في السيارة في تاجورا والشباب يحاولوا يطلعوه,People at Risk/Medical,Critical,تاجورا,"[{""start"": 27, ""end"": 33, ""text"": ""تاجورا"", ""label"": ""LOC""}]",generated
حادث تصادم عنيف يؤدي الى انقلاب سيارتين على الطريق الرابط بين مدينتي الجفرة وسبها,Road/Transportation,High,الجفرة وسبها,"[{""start"": 69, ""end"": 75, ""text"": ""الجفرة"", ""label"": ""LOC""}, {""start"": 77, ""end"": 81, ""text"": ""سبها"", ""label"": ""LOC""}]",real
اعمال تنظيف وتسليك غرف شبكة تصريف مياه الامطار بشارع مصرف الجمهورية في ترهونة,Flood/Severe Weather,Low,ترهونة,"[{""start"": 71, ""end"": 77, ""text"": ""ترهونة"", ""label"": ""LOC""}]",real
سيول جارفة مع وفيات ومفقودين,Flood/Severe Weather,Critical,غير محدد,[],generated
سقوط حاوية من شاحنة على طريق وادي الربيع في منطقة الجنين ما استدعى تامين الطريق,Road/Transportation,Medium,طريق وادي الربيع,"[{""start"": 24, ""end"": 40, ""text"": ""طريق وادي الربيع"", ""label"": ""LOC""}]",real
وفاة امراة اثر تعرضها لحادث دهس مروري من مركبة تابعة للامن العام,Road/Transportation,High,غير محدد في المنشور,[],real
تضرر خط كهرباء عالي الجهد في طريق المطار في طرابلس مع حريق واصابات,Infrastructure/Utilities,High,طريق المطار في طرابلس,"[{""start"": 29, ""end"": 50, ""text"": ""طريق المطار في طرابلس"", ""label"": ""LOC""}]",generated
حريق مستشفى في طبرق والدخان وصل للاجنحة مرضى هلبا ما يقدروش يطلعوا بروحهم,Fire/Explosion,Critical,طبرق,"[{""start"": 15, ""end"": 19, ""text"": ""طبرق"", ""label"": ""LOC""}]",generated
عيلة محاصرة داخل دار في سرت,People at Risk/Medical,High,سرت,"[{""start"": 24, ""end"": 27, ""text"": ""سرت"", ""label"": ""LOC""}]",generated
حريق في شقة فوق محل في ابو سليم والناس تقول مازال في حد داخل,Fire/Explosion,Critical,أبو سليم,"[{""start"": 23, ""end"": 31, ""text"": ""ابو سليم"", ""label"": ""LOC""}]",generated
فيه شخص عالق داخل سيارة بعد حادث في طريق الجامعة ونبو اسعاف وانقاذ,People at Risk/Medical,Critical,طريق الجامعة,"[{""start"": 36, ""end"": 48, ""text"": ""طريق الجامعة"", ""label"": ""LOC""}]",generated
انهيار جزء من مبنى سكني مع احتمال وجود اشخاص داخل المكان,Other,HIGH,غير محدد,[],generated
نافطة مبزعة على طريق الشط فوق كوبري الشعاب باتجاه سيمافرو الشط,Road/Transportation,High,كوبري الشعاب,"[{""start"": 30, ""end"": 42, ""text"": ""كوبري الشعاب"", ""label"": ""LOC""}]",generated
انفجار في محطة كهرباء في الهضبة في طرابلس مع ضحايا وانقطاع واسع,Infrastructure/Utilities,Critical,الهضبة في طرابلس,"[{""start"": 25, ""end"": 41, ""text"": ""الهضبة في طرابلس"", ""label"": ""LOC""}]",generated
النار والعة في حافلة جنب مرزق وفيه راكب محاصر فرق الانقاذ تشتغل توا,Fire/Explosion,High,مرزق,"[{""start"": 25, ""end"": 29, ""text"": ""مرزق"", ""label"": ""LOC""}]",generated
سيل محدود مر من العجيلات وضر كم محل الناس ابعدوهم من المكان,Flood/Severe Weather,Medium,العجيلات,"[{""start"": 16, ""end"": 24, ""text"": ""العجيلات"", ""label"": ""LOC""}]",generated
حادث حافلة مدرسية مع عدة اصابات ونقل الطلاب الى المستشفى,Road/Transportation,HIGH,غير محدد,[],generated
رياح قوية في ابو سليم وفيه لوحات وحاجات في الشارع ممكن تطيح,Flood/Severe Weather,Low,أبو سليم,"[{""start"": 13, ""end"": 21, ""text"": ""ابو سليم"", ""label"": ""LOC""}]",generated
حريق في متجر مع دخان كثيف واخلاء العاملين دون اصابات مؤكدة,Fire/Explosion,MEDIUM,غير محدد,[],generated
ابتزاز الكتروني لبنات يهددوهم ينشروا صور خاصة في مواقع التواصل ويبوا فلوس كثيرة لازم يتدخل مكتب الجرائم الالكترونية,Other,Medium,غير محدد,[],generated
تزايد عمليات السرقة والسطو وتجارة المخدرات والهجرة غير الشرعية في مدينة صبراتة,Other,High,صبراتة,"[{""start"": 72, ""end"": 78, ""text"": ""صبراتة"", ""label"": ""LOC""}]",real
سيارة اصطدمت بعمود كهرباء والسائق مصاب باصابة خطيرة,Road/Transportation,HIGH,غير محدد,[],generated
بلاغ على كبير سن تايه في الزاوية واتلقوه بصحة كويسة,People at Risk/Medical,Low,الزاوية,"[{""start"": 25, ""end"": 32, ""text"": ""الزاوية"", ""label"": ""LOC""}]",generated
تماس كهربائي سبب حريق في فصل فاضي بمدرسة في الخمس الاخلاء تم بدون اصابات,Fire/Explosion,Medium,الخمس,"[{""start"": 44, ""end"": 49, ""text"": ""الخمس"", ""label"": ""LOC""}]",generated
انهيار مبنى سكني متعدد الطوابق مع اشخاص محاصرين تحت الانقاض,Other,CRITICAL,غير محدد,[],generated
شاحنة وقود انفجرت وسط زحمة في زوارة سيارات هلبة شادة فيها النار واخلاء واسع جاري,Road/Transportation,Critical,زوارة,"[{""start"": 30, ""end"": 35, ""text"": ""زوارة"", ""label"": ""LOC""}]",generated
انهيار جزء من جسر اثناء مرور سيارات في غات سيارات طاحت وعدد المفقودين كبير,Road/Transportation,Critical,غات,"[{""start"": 39, ""end"": 42, ""text"": ""غات"", ""label"": ""LOC""}]",generated
حركة السير سالكة وطبيعية بالطريق السريع من البيفي الى جنزور دون غدران او تجمعات مائية,Flood/Severe Weather,Low,الطريق السريع,"[{""start"": 26, ""end"": 39, ""text"": ""الطريق السريع"", ""label"": ""LOC""}]",generated
حريق كبير في وادي الكوف باحدى المحميات الطبيعية,Fire/Explosion,Critical,وادي الكوف,"[{""start"": 13, ""end"": 23, ""text"": ""وادي الكوف"", ""label"": ""LOC""}]",real
جسر في العجيلات فيه انهيار كبير والطريق الرئيسي تسكر وفيه خطر سقوط جزء ثاني,Infrastructure/Utilities,High,العجيلات,"[{""start"": 7, ""end"": 15, ""text"": ""العجيلات"", ""label"": ""LOC""}]",generated
طفل غرق لحظات في مسبح بزوارة وتم انقاذه,People at Risk/Medical,Medium,زوارة,"[{""start"": 23, ""end"": 28, ""text"": ""زوارة"", ""label"": ""LOC""}]",generated
انصبوا علي من صفحة في الفيس بوك تبيع تلفونات بالتقسيط في طرابلس,Other,Low,طرابلس,"[{""start"": 57, ""end"": 63, ""text"": ""طرابلس"", ""label"": ""LOC""}]",generated
دخان خفيف من مكيف في مكتب بطريق الشط طلعوا الموظفين احتياط ورجع الوضع عادي,Fire/Explosion,Low,طريق الشط,"[{""start"": 27, ""end"": 36, ""text"": ""طريق الشط"", ""label"": ""LOC""}]",generated
حادث بين سيارتين في سوق الجمعة ومسبب زحمة كبيرة,Road/Transportation,High,سوق الجمعة,"[{""start"": 20, ""end"": 30, ""text"": ""سوق الجمعة"", ""label"": ""LOC""}]",generated
احتراق سيارة في طريق الجامعة قبل كوبري الطبي باتجاه الفرناج تسبب في ازدحام مروري كبير,Fire/Explosion,Medium,طريق الجامعة,"[{""start"": 16, ""end"": 28, ""text"": ""طريق الجامعة"", ""label"": ""LOC""}]",generated
اندلاع حريق في الاعشاب على طريق الدعوة الاسلامية بالقرب من جمعية الدعوة الاسلامية,Fire/Explosion,Low,طريق الدعوة الإسلامية,"[{""start"": 27, ""end"": 48, ""text"": ""طريق الدعوة الاسلامية"", ""label"": ""LOC""}]",real
شارع المواشي في السراج رمي بالرصاص جنب الناس في نص الشارع,People at Risk/Medical,Critical,شارع المواشي السراج,"[{""start"": 0, ""end"": 12, ""text"": ""شارع المواشي"", ""label"": ""LOC""}]",generated
احتراق مركبة ادى الى وفاة طفلين في سبها,People at Risk/Medical,Critical,سبها,"[{""start"": 35, ""end"": 39, ""text"": ""سبها"", ""label"": ""LOC""}]",real
حالة اصابة بسيطة بعد سقوط داخل المنزل والمصاب مستقر,People at Risk/Medical,LOW,غير محدد,[],generated
اطلاق نار كثيف بالقرب من احد المقار والمتنزهات في مدينة طرابلس مما اثار الهلع بين المواطنين,Other,High,طرابلس,"[{""start"": 56, ""end"": 62, ""text"": ""طرابلس"", ""label"": ""LOC""}]",real
خنبوا سيارة من قدام حوش في حي الاندلس,Other,Medium,حي الأندلس,"[{""start"": 27, ""end"": 37, ""text"": ""حي الاندلس"", ""label"": ""LOC""}]",generated
سيارة انقلبت في الطريق الساحلي بالزاوية والسواق نقلوه للعناية المركزة وحالته خطيرة,Road/Transportation,High,الطريق الساحلي والزاوية,"[{""start"": 16, ""end"": 30, ""text"": ""الطريق الساحلي"", ""label"": ""LOC""}, {""start"": 32, ""end"": 39, ""text"": ""الزاوية"", ""label"": ""LOC""}]",generated
وجود قاذف غير متفجر في شارع القيادي بمثلث الكهرباء في عين زارة,Other,High,عين زارة,"[{""start"": 54, ""end"": 62, ""text"": ""عين زارة"", ""label"": ""LOC""}]",real
هبوط طائرة تابعة لطيران النفط بالخطا في مهبط نفطي مغلق نتيجة خلل في انظمة الملاحة والاتصالات,Road/Transportation,High,غير محدد في المنشور,[],real
بلاغ عن اختفاء طفلة صغيرة من قدام بيتها في حي السلام ببنغازي ونبو تعميم,People at Risk/Medical,High,حي السلام وبنغازي,"[{""start"": 43, ""end"": 52, ""text"": ""حي السلام"", ""label"": ""LOC""}, {""start"": 54, ""end"": 60, ""text"": ""بنغازي"", ""label"": ""LOC""}]",generated
انقطاع كهرباء في عين زارة لساعات والناس تبي حل,Infrastructure/Utilities,Medium,عين زارة,"[{""start"": 17, ""end"": 25, ""text"": ""عين زارة"", ""label"": ""LOC""}]",generated
مركبة طاحت في وادي قرب الزاوية شخص مفقود وفرق الانقاذ تواجه وصول صعب,Road/Transportation,High,الزاوية,"[{""start"": 23, ""end"": 30, ""text"": ""الزاوية"", ""label"": ""LOC""}]",generated
فيضانات في البركة في بنغازي اجبرت عددا من الاسر على مغادرة منازلها,Flood/Severe Weather,High,البركة في بنغازي,"[{""start"": 11, ""end"": 27, ""text"": ""البركة في بنغازي"", ""label"": ""LOC""}]",generated
سقوط كابل كهربائي بجهد 11 الف فولت على الطريق العام,Infrastructure/Utilities,High,غير محدد في المنشور,[],real
وجود فيضان في شبكة الصرف الصحي بالقرب من مسجد باقي في شارع الجلاء,Infrastructure/Utilities,Medium,شارع الجلاء,"[{""start"": 54, ""end"": 65, ""text"": ""شارع الجلاء"", ""label"": ""LOC""}]",generated
يا جماعة الطريق في سبها غرق اللي مش مضطر ما يمرش,Flood/Severe Weather,High,سبها,"[{""start"": 19, ""end"": 23, ""text"": ""سبها"", ""label"": ""LOC""}]",generated
في عمود طاح على جنب الطريق في الزروق مصراتة من الصبح وهو على حاله,Infrastructure/Utilities,High,الزروق مصراتة,"[{""start"": 30, ""end"": 43, ""text"": ""الزروق مصراتة"", ""label"": ""LOC""}]",generated
حادث سير قوي في صبراتة توفوا ثلاثة وفيه مصابين,Road/Transportation,Critical,صبراتة,"[{""start"": 16, ""end"": 22, ""text"": ""صبراتة"", ""label"": ""LOC""}]",generated
وضع خرسانة في الطريق العام داخل جزيرة غوط الشعال ما تسبب في عرقلة حركة السير,Road/Transportation,Low,جزيرة غوط الشعال,"[{""start"": 32, ""end"": 48, ""text"": ""جزيرة غوط الشعال"", ""label"": ""LOC""}]",real
نافطة واقفة في راس اجدير ومضيقة الطريق ردوا بالكم,Road/Transportation,Medium,رأس اجدير,"[{""start"": 15, ""end"": 24, ""text"": ""راس اجدير"", ""label"": ""LOC""}]",generated
حريق في سيارة متوقفة بعيدا عن المباني وتم اخماده بسرعة دون اصابات,Fire/Explosion,LOW,غير محدد,[],generated
سيول في مدينة بني وليد جراء تساقط الامطار الغزيرة,Flood/Severe Weather,High,بني وليد,"[{""start"": 14, ""end"": 22, ""text"": ""بني وليد"", ""label"": ""LOC""}]",real
تصادم متسلسل في الزنتان فيه وفيات وناس محاصرين داخل السيارات,Road/Transportation,Critical,الزنتان,"[{""start"": 16, ""end"": 23, ""text"": ""الزنتان"", ""label"": ""LOC""}]",generated
تراكم مياه الامطار وتشكل غدران ومستنقعات مائية بالشوارع الفرعية قرب جزيرة عودة الحياة في عين زارة مع استمرار هطول الامطار,Flood/Severe Weather,Low,عين زارة,"[{""start"": 89, ""end"": 97, ""text"": ""عين زارة"", ""label"": ""LOC""}]",generated
انهيار كوبري الطريق الساحلي قرب منطقة تاجوراء نتيجة هزة ارضية قوية الطريق مقطوع بالكامل وفيه سيارات عالقة ومازال فيه خطر سقوط اجزاء اضافية نحتاج تدخل عاجل لاغلاق المكان وتامين المارة,Flood/Severe Weather,High,الطريق الساحلي قرب منطقة تاجوراء,"[{""start"": 7, ""end"": 27, ""text"": ""كوبري الطريق الساحلي"", ""label"": ""LOC""}, {""start"": 38, ""end"": 45, ""text"": ""تاجوراء"", ""label"": ""LOC""}]",generated
مياه الامطار وصلت لساحة مدرسة في الجفرة وتم اخلاؤها بدون اصابات,Flood/Severe Weather,Medium,الجفرة,"[{""start"": 33, ""end"": 39, ""text"": ""الجفرة"", ""label"": ""LOC""}]",generated
انهيار جزء من طريق رئيسي عند سلوق وفيه سيارة ممكن تكون طاحت داخله,Infrastructure/Utilities,High,سلوق,"[{""start"": 29, ""end"": 33, ""text"": ""سلوق"", ""label"": ""LOC""}]",generated
تعرض مواطن للسرقة من قبل مجموعة ملثمة في منطقة الفلاح بمدينة طرابلس,Other,Medium,الفلاح,"[{""start"": 47, ""end"": 53, ""text"": ""الفلاح"", ""label"": ""LOC""}]",real
المية غطت الطريق في سبها والسيارات قاعدة ترجع من النص,Flood/Severe Weather,High,سبها,"[{""start"": 20, ""end"": 24, ""text"": ""سبها"", ""label"": ""LOC""}]",generated
ثلاثة تعبوا من اكل في مناسبة بصرمان محتاجين علاج لكن حالتهم مش خطيرة,People at Risk/Medical,Medium,صرمان,"[{""start"": 30, ""end"": 35, ""text"": ""صرمان"", ""label"": ""LOC""}]",generated
فيه حريق في سيارة ناحية طريق الجبس الحيطة والحذر,Fire/Explosion,High,طريق الجبس,"[{""start"": 24, ""end"": 34, ""text"": ""طريق الجبس"", ""label"": ""LOC""}]",generated
اشتعال اعشاب جافة في مساحة صغيرة في تاجوراء شرق طرابلس,Fire/Explosion,Medium,تاجوراء شرق طرابلس,"[{""start"": 36, ""end"": 54, ""text"": ""تاجوراء شرق طرابلس"", ""label"": ""LOC""}]",generated
حريق في مطبخ حوش ببنغازي العيلة طلعت واصابة واحدة خفيفة من الدخان والحريق محصور,Fire/Explosion,Medium,بنغازي,"[{""start"": 18, ""end"": 24, ""text"": ""بنغازي"", ""label"": ""LOC""}]",generated
عاصفة ترابية في توكرة سببت عدة حالات اختناق بسيطة والرؤية ضعيفة,Flood/Severe Weather,Medium,توكرة,"[{""start"": 16, ""end"": 21, ""text"": ""توكرة"", ""label"": ""LOC""}]",generated
وفاة ستة اشخاص جراء حادث سير مروع بالمدخل الشرقي لمدينة زوارة,Road/Transportation,Critical,المدخل الشرقي لزوارة,"[{""start"": 35, ""end"": 48, ""text"": ""المدخل الشرقي"", ""label"": ""LOC""}]",real
انقطاع مياه في عين زارة والناس تسال متى ترجع,Infrastructure/Utilities,Medium,عين زارة,"[{""start"": 15, ""end"": 23, ""text"": ""عين زارة"", ""label"": ""LOC""}]",generated
سيارة طاحت من منحدر في طمينة في مصراتة وفيه اصابات خطيرة,Road/Transportation,Critical,طمينة في مصراتة,"[{""start"": 23, ""end"": 38, ""text"": ""طمينة في مصراتة"", ""label"": ""LOC""}]",generated
الهواء قوي شوية في البيضاء لوحة صغيرة طاحت ومحدش تضرر,Flood/Severe Weather,Low,البيضاء,"[{""start"": 19, ""end"": 26, ""text"": ""البيضاء"", ""label"": ""LOC""}]",generated
قذيفة مدفعية طاحت على حي سكني في السبعة جنوب العاصمة وقت الاشتباكات,Other,Critical,السبعة,"[{""start"": 33, ""end"": 39, ""text"": ""السبعة"", ""label"": ""LOC""}]",generated
وجود مصنع لانتاج وتصنيع الخمور المسمومة داخل منطقة سيدي خليفة بنغازي,Other,Medium,سيدي خليفة,"[{""start"": 51, ""end"": 61, ""text"": ""سيدي خليفة"", ""label"": ""LOC""}]",real
حادث مروري على الطريق الصحراوي اجدابيا طبرق ادى الى سقوط ضحايا,Road/Transportation,Critical,طريق أجدابيا–طبرق,"[{""start"": 17, ""end"": 43, ""text"": ""طريق الصحراوي اجدابيا طبرق"", ""label"": ""LOC""}]",real
حريق في مخزن اخشاب في الهواري في بنغازي مع اضرار متوسطة بالموقع,Fire/Explosion,Medium,الهواري في بنغازي,"[{""start"": 22, ""end"": 39, ""text"": ""الهواري في بنغازي"", ""label"": ""LOC""}]",generated
حريق في مطبخ مطعم في بوعطني في بنغازي مع اصابة عامل,Fire/Explosion,High,بوعطني في بنغازي,"[{""start"": 21, ""end"": 37, ""text"": ""بوعطني في بنغازي"", ""label"": ""LOC""}]",generated
تصادم جماعي في صبراتة بين حافلة وشاحنات عشرات المصابين والقدرة المحلية مش مكفية,Road/Transportation,Critical,صبراتة,"[{""start"": 15, ""end"": 21, ""text"": ""صبراتة"", ""label"": ""LOC""}]",generated
الكهربا قاطعة على منطقة واسعة حول تاورغاء والابار ومحطات الوقود واقفة,Infrastructure/Utilities,High,تاورغاء,"[{""start"": 34, ""end"": 41, ""text"": ""تاورغاء"", ""label"": ""LOC""}]",generated
سيارات وطرق مدمرة جراء الفيضانات في مدينة سوسة الليبية,Flood/Severe Weather,Critical,سوسة,"[{""start"": 42, ""end"": 46, ""text"": ""سوسة"", ""label"": ""LOC""}]",real
انقطاع الكهرباء عن عدة احياء في طرابلس منذ الصباح,Infrastructure/Utilities,High,طرابلس,"[{""start"": 32, ""end"": 38, ""text"": ""طرابلس"", ""label"": ""LOC""}]",real
الصرف الصحي فايض في عين زارة والريحة والمية في نص الشارع,Infrastructure/Utilities,High,عين زارة,"[{""start"": 20, ""end"": 28, ""text"": ""عين زارة"", ""label"": ""LOC""}]",generated
حريق هائل في سوق الحائس التجاري بطريق عرادة في سوق الجمعة,Fire/Explosion,High,طريق عرادة في سوق الجمعة,"[{""start"": 33, ""end"": 57, ""text"": ""طريق عرادة في سوق الجمعة"", ""label"": ""LOC""}]",real
الضي هرب من اوباري من بدري ومزال ما رجعش نبو نعرفوا شن السبب,Infrastructure/Utilities,Medium,أوباري,"[{""start"": 12, ""end"": 18, ""text"": ""اوباري"", ""label"": ""LOC""}]",generated
فيه ناس محاصرين بالمية في البيضاء ونبو فرق انقاذ,People at Risk/Medical,Critical,البيضاء,"[{""start"": 26, ""end"": 33, ""text"": ""البيضاء"", ""label"": ""LOC""}]",generated
حادث سيارة اجرة في حي الاندلس راكبين محتاجين مستشفى اصابتهم خفيفة لكن مافيش حد محاصر,Road/Transportation,Medium,حي الأندلس,"[{""start"": 19, ""end"": 29, ""text"": ""حي الاندلس"", ""label"": ""LOC""}]",generated
حريق داخل منزل في مدينة مصراتة مع انباء عن وجود اصابات,Fire/Explosion,High,مصراتة,"[{""start"": 24, ""end"": 30, ""text"": ""مصراتة"", ""label"": ""LOC""}]",real
حريق كبير في مجموعة مخازن في يفرن,Fire/Explosion,Critical,يفرن,"[{""start"": 29, ""end"": 33, ""text"": ""يفرن"", ""label"": ""LOC""}]",generated
اختفاء شاب في ظروف غامضة بمنطقة عين زارة في مدينة طرابلس,Other,High,عين زارة,"[{""start"": 32, ""end"": 40, ""text"": ""عين زارة"", ""label"": ""LOC""}]",real
حريق كبير في سوق زوارة ممتد لاكثر من محل والاخلاء جاري وخطر الانتشار مازال عالي,Fire/Explosion,High,زوارة,"[{""start"": 17, ""end"": 22, ""text"": ""زوارة"", ""label"": ""LOC""}]",generated
سقوط عدة اعمدة كهرباء في الكفرة مع انقطاع واسع للخدمة,Infrastructure/Utilities,High,الكفرة,"[{""start"": 25, ""end"": 31, ""text"": ""الكفرة"", ""label"": ""LOC""}]",generated
عيل طاح من الدور الاول في الظهرة,People at Risk/Medical,High,الظهرة,"[{""start"": 26, ""end"": 32, ""text"": ""الظهرة"", ""label"": ""LOC""}]",generated
البنزينة في معتيقة زحمة والطابور واصل للطريق العام,Infrastructure/Utilities,Medium,معتيقة,"[{""start"": 12, ""end"": 18, ""text"": ""معتيقة"", ""label"": ""LOC""}]",generated
شاحنة متعطلة خاشة في مسار السيارات في الطريق الساحلي قريب من غريان ومسكرة الطريق,Road/Transportation,High,الطريق الساحلي قرب غريان,"[{""start"": 38, ""end"": 52, ""text"": ""الطريق الساحلي"", ""label"": ""LOC""}]",generated
سيول قوية في قصر احمد في مصراتة جرفت مركبات وبداخلها اشخاص,Flood/Severe Weather,Critical,قصر أحمد في مصراتة,"[{""start"": 13, ""end"": 31, ""text"": ""قصر احمد في مصراتة"", ""label"": ""LOC""}]",generated
انهيار درج خارجي في مبنى غير ماهول دون اصابات,Other,LOW,غير محدد,[],generated
تسريب مية بسيط من وصلة في سبها الفنيين سكروا الخط الفرعي,Infrastructure/Utilities,Low,سبها,"[{""start"": 26, ""end"": 30, ""text"": ""سبها"", ""label"": ""LOC""}]",generated
برك مياه في طرق فرعية في درنة,Flood/Severe Weather,Low,درنة,"[{""start"": 25, ""end"": 29, ""text"": ""درنة"", ""label"": ""LOC""}]",generated
دراجة خبطت في سيارة واقفة بالعجيلات اضرار بسيطة ومحدش محتاج اسعاف,Road/Transportation,Low,العجيلات,"[{""start"": 27, ""end"": 35, ""text"": ""العجيلات"", ""label"": ""LOC""}]",generated
تخريب في ممتلكات عامة قرب ميدان الشجرة في بنغازي حتى اعمدة الانارة كسروها,Infrastructure/Utilities,Medium,ميدان الشجرة بنغازي,"[{""start"": 26, ""end"": 38, ""text"": ""ميدان الشجرة"", ""label"": ""LOC""}]",generated
مكتب التوثيق والمعلومات ببلدية الزاوية ما عندوش اوراق ولا حبر ولا مستلزمات لطباعة شهادات الميلاد,Other,Low,الزاوية,"[{""start"": 31, ""end"": 38, ""text"": ""الزاوية"", ""label"": ""LOC""}]",generated
مشكلة مجارير في الدهماني والمية طالعة للبيوت,Infrastructure/Utilities,High,الدهماني,"[{""start"": 16, ""end"": 24, ""text"": ""الدهماني"", ""label"": ""LOC""}]",generated
انقطاع شامل للكهربا والمية عن قرقارش مع موجة حر مرافق العلاج طالبة مساعدة وطنية,Infrastructure/Utilities,Critical,قرقارش,"[{""start"": 30, ""end"": 36, ""text"": ""قرقارش"", ""label"": ""LOC""}]",generated
فيه حفرة كبيرة وعميقة في نص الطريق الساحلي الزاوية وتخرب في سيارات الناس,Road/Transportation,Medium,الطريق الساحلي الزاوية,"[{""start"": 28, ""end"": 50, ""text"": ""الطريق الساحلي الزاوية"", ""label"": ""LOC""}]",generated
وصول فرق اسعاف وانقاذ الى قرية الوردية بعد احداث الفيضانات,People at Risk/Medical,High,الوردية,"[{""start"": 31, ""end"": 38, ""text"": ""الوردية"", ""label"": ""LOC""}]",real
ارتفاع منسوب المياه في عدة شوارع ودخول المياه الى بعض المحال,Flood/Severe Weather,MEDIUM,غير محدد,[],generated
فيه ناس محاصرين بالمية في الزاوية ونبو فرق انقاذ,People at Risk/Medical,Critical,الزاوية,"[{""start"": 26, ""end"": 33, ""text"": ""الزاوية"", ""label"": ""LOC""}]",generated
اندلاع حريق في مركبة بالقرب من سوق العائلة مقابل الشارع المؤدي الى مدخل ولي العهد,Fire/Explosion,Medium,سوق العائلة,"[{""start"": 31, ""end"": 42, ""text"": ""سوق العائلة"", ""label"": ""LOC""}]",real
سحابة سامة بعد حريق مصنع في هون طلعت برا الموقع واخلاء واسع للسكان جاري توا,Fire/Explosion,Critical,هون,"[{""start"": 28, ""end"": 31, ""text"": ""هون"", ""label"": ""LOC""}]",generated
ثلاث حالات غرق في الصابري ببنغازي وتم انقاذ الاب وطفله مع استمرار البحث عن جثمان طفل,People at Risk/Medical,Critical,الصابري بنغازي,"[{""start"": 18, ""end"": 33, ""text"": ""الصابري ببنغازي"", ""label"": ""LOC""}]",real
السلام عليكم فيه ماسورة مكسورة من الصبح في شارع السيدي بطرابلس والمية ماشية لنص الشارع,Infrastructure/Utilities,High,شارع السيدي طرابلس,"[{""start"": 43, ""end"": 54, ""text"": ""شارع السيدي"", ""label"": ""LOC""}]",generated
سيل قوي في ابو سليم حاصر عيلة داخل حوش فرق الانقاذ تحاول توصللهم توا,Flood/Severe Weather,High,أبو سليم,"[{""start"": 11, ""end"": 19, ""text"": ""ابو سليم"", ""label"": ""LOC""}]",generated
طلع دخان من مولد واقف في عين زارة وتسكر توا الضرر بسيط والناس كلها بخير,Fire/Explosion,Low,عين زارة,"[{""start"": 25, ""end"": 33, ""text"": ""عين زارة"", ""label"": ""LOC""}]",generated
الكتب المدرسية للمرحلة الابتدائية ما وصلتش لين توا وفات نص الفصل الاول,Other,Low,غير محدد,[],generated
انقطاع واسع للكهرباء في درنة اثر على عدة احياء ومرافق,Infrastructure/Utilities,Low,درنة,"[{""start"": 24, ""end"": 28, ""text"": ""درنة"", ""label"": ""LOC""}]",generated
عدد كبير من الاشخاص يعانون من اعراض تسمم ويحتاجون الى فرز وعلاج عاجل,People at Risk/Medical,CRITICAL,غير محدد,[],generated
عطل فني في شبكة الكهرباء في شحات تسبب في انقطاع متكرر,Infrastructure/Utilities,Low,شحات,"[{""start"": 28, ""end"": 32, ""text"": ""شحات"", ""label"": ""LOC""}]",generated
غرق شخص في شاطئ بحر منطقة تاجوراء ويحتاج الى نقل للمستشفى لتقديم الاسعافات,People at Risk/Medical,High,تاجوراء,"[{""start"": 26, ""end"": 33, ""text"": ""تاجوراء"", ""label"": ""LOC""}]",real
الطريق مسكر من شوية ومفيش توضيح متى يفتح,Road/Transportation,Medium,,[],generated
بلاغ عن جسم مشبوه قريب من كوبري الفويهات في بنغازي المكان فيه حركة مواطنين,Other,Critical,كوبري الفويهات بنغازي,"[{""start"": 26, ""end"": 40, ""text"": ""كوبري الفويهات"", ""label"": ""LOC""}]",generated
مرتبات قطاع التعليم في مصرف الوحدة ما نزلتش من قريب اسبوعين,Other,Low,غير محدد,[],generated
وجود تسريب في احد انابيب المياه في الهضبة بالحي الجامعي بالقرب من مدرسة يترب الخاصة,Infrastructure/Utilities,Low,الهضبة,"[{""start"": 35, ""end"": 41, ""text"": ""الهضبة"", ""label"": ""LOC""}]",real
مسكوا كميات كبيرة من الحليب والجبن منتهي الصلاحية ومغيرين تاريخه في واحد من محلات الجملة في مصراتة,People at Risk/Medical,Medium,مصراتة,"[{""start"": 92, ""end"": 98, ""text"": ""مصراتة"", ""label"": ""LOC""}]",generated
راساجدير ساعات الانتظار في منفذ راس اجدير وصلت الى 9 ساعات بسبب الاغلاق من الجانب التونسي,Road/Transportation,Medium,منفذ رأس اجدير,"[{""start"": 27, ""end"": 41, ""text"": ""منفذ راس اجدير"", ""label"": ""LOC""}]",real
عطل في محول الكهرباء في الدهماني ومحتاج صيانة عاجلة,Infrastructure/Utilities,High,الدهماني,"[{""start"": 24, ""end"": 32, ""text"": ""الدهماني"", ""label"": ""LOC""}]",generated
حادث قوي في بنغازي وفيه شخص محاصر داخل السيارة الانقاذ يحتاج يقص الهيكل,Road/Transportation,High,بنغازي,"[{""start"": 12, ""end"": 18, ""text"": ""بنغازي"", ""label"": ""LOC""}]",generated
فيه عمال عالقين في موقع شغل في غريان وعندهم اصابات متوسطة,People at Risk/Medical,High,غريان,"[{""start"": 31, ""end"": 36, ""text"": ""غريان"", ""label"": ""LOC""}]",generated
حريق في مدرسة اثناء وجود عدد من الاشخاص وتم اخلاء المبنى,Fire/Explosion,HIGH,غير محدد,[],generated
حافلة عاطلة في تاجوراء شرق طرابلس وما فيش اصابات بين الركاب,Road/Transportation,Low,تاجوراء شرق طرابلس,"[{""start"": 15, ""end"": 33, ""text"": ""تاجوراء شرق طرابلس"", ""label"": ""LOC""}]",generated
تصادم قوي بين عدة سيارات في قنفودة غرب بنغازي وفيه اصابات خطيرة,Road/Transportation,High,قنفودة غرب بنغازي,"[{""start"": 28, ""end"": 45, ""text"": ""قنفودة غرب بنغازي"", ""label"": ""LOC""}]",generated
حريق في مطبخ مطعم وانتشار دخان داخل المكان ولا توجد اصابات خطيرة,Fire/Explosion,MEDIUM,غير محدد,[],generated
غلا جنوني وبلا مبرر في اسعار اللحمة والخضرة في اسواق طرابلس وما فيش حرس بلدي ولا رقابة,Other,Low,طرابلس,"[{""start"": 53, ""end"": 59, ""text"": ""طرابلس"", ""label"": ""LOC""}]",generated
غمر الطرق الرئيسية بمنطقة سوق الخميس امسيحيل بمياه السيول مما تسبب في اغلاق الشارع العام وتوقف السيارات,Flood/Severe Weather,Medium,سوق الخميس إمسيحيل,"[{""start"": 26, ""end"": 44, ""text"": ""سوق الخميس امسيحيل"", ""label"": ""LOC""}]",generated
حرائق مجهولة السبب التهمت عشرات المنازل في مدينة الاصابعة,Fire/Explosion,Critical,الأصابعة,"[{""start"": 49, ""end"": 57, ""text"": ""الاصابعة"", ""label"": ""LOC""}]",real
قيام احد الاشخاص بمضايقة اخرين بالسيارة واطلاق النار عليهم بالرصاص عقب خروجهم من احد المقرات في مدينة الخمس,Other,High,الخمس,"[{""start"": 102, ""end"": 107, ""text"": ""الخمس"", ""label"": ""LOC""}]",real
مشكلة مجارير في معتيقة والمية طالعة للبيوت,Infrastructure/Utilities,High,معتيقة,"[{""start"": 16, ""end"": 22, ""text"": ""معتيقة"", ""label"": ""LOC""}]",generated
تصادم بسيط بين مركبتين دون اصابات وتم فتح الطريق بعد ابعاد المركبات,Road/Transportation,LOW,غير محدد,[],generated
يا شركة الكهرباء الخمس بدون ضي من البارح,Infrastructure/Utilities,Medium,الخمس,"[{""start"": 17, ""end"": 22, ""text"": ""الخمس"", ""label"": ""LOC""}]",generated
مدير عام مطار مصراتة يؤكد عدم تسجيل اصابات بشرية في حادثة الطائرة,Road/Transportation,Medium,مطار مصراتة الدولي,"[{""start"": 9, ""end"": 20, ""text"": ""مطار مصراتة"", ""label"": ""LOC""}]",real
يخصموا فلوس من حسابات الزبائن في مصرف التجاري الوطني من غير رسائل ولا توضيح للسبب,Other,Medium,غير محدد,[],generated
سيول جارفة في جبال تيبستي بعد امطار غزيرة,Flood/Severe Weather,High,جبال تيبستي,"[{""start"": 14, ""end"": 25, ""text"": ""جبال تيبستي"", ""label"": ""LOC""}]",real
سيول مدينة درنة جرفت ضحايا ومباني الى شاطئ بحر درنة واستدعت اخلاء المدينة,Flood/Severe Weather,Critical,درنة,"[{""start"": 11, ""end"": 15, ""text"": ""درنة"", ""label"": ""LOC""}]",real
فرع جوازات بنغازي فيه طوابير مئات الامتار والسماسرة يبيعوا في المواعيد باسعار خيالية على عينك يا تاجر,Other,Low,بنغازي,"[{""start"": 11, ""end"": 17, ""text"": ""بنغازي"", ""label"": ""LOC""}]",generated
انفجار داخل مبنى ماهول ادى الى انهيار جزء من الواجهة ووجود اشخاص مفقودين,Fire/Explosion,CRITICAL,غير محدد,[],generated
انهيار طريق رئيسي في جنزور غرب طرابلس مع سقوط مركبات ووجود مصابين,Infrastructure/Utilities,Critical,جنزور غرب طرابلس,"[{""start"": 21, ""end"": 37, ""text"": ""جنزور غرب طرابلس"", ""label"": ""LOC""}]",generated
عدة مباني والعة فيها النار في نالوت والرياح تزيد الانتشار والقدرات المحلية تجاوزها الحادث,Fire/Explosion,Critical,نالوت,"[{""start"": 30, ""end"": 35, ""text"": ""نالوت"", ""label"": ""LOC""}]",generated
زحمة كبيرة قدام محطات الوقود في سبها وخايفين ترجع ازمة البنزين,Infrastructure/Utilities,Low,سبها,"[{""start"": 32, ""end"": 36, ""text"": ""سبها"", ""label"": ""LOC""}]",generated
حالة طارئة في طريق الجامعة ومحتاجين سيارة اسعاف باسرع وقت,People at Risk/Medical,Critical,طريق الجامعة,"[{""start"": 14, ""end"": 26, ""text"": ""طريق الجامعة"", ""label"": ""LOC""}]",generated
اللحظات الاولى للسيول في درنة قبل الكارثة,Flood/Severe Weather,Critical,درنة,"[{""start"": 25, ""end"": 29, ""text"": ""درنة"", ""label"": ""LOC""}]",real
فيه عشرات المصابين في المرج وبعضهم حالتهم حرجة,People at Risk/Medical,Critical,المرج,"[{""start"": 22, ""end"": 27, ""text"": ""المرج"", ""label"": ""LOC""}]",generated
سيول محدودة في هون حاصرت مركبتين,Flood/Severe Weather,Medium,هون,"[{""start"": 15, ""end"": 18, ""text"": ""هون"", ""label"": ""LOC""}]",generated
بلاغ على شخص ضايع في الليثي واتلقوه قريب وهو بخير,People at Risk/Medical,Low,الليثي,"[{""start"": 21, ""end"": 27, ""text"": ""الليثي"", ""label"": ""LOC""}]",generated
نبو اسعاف بسرعة في الزاوية فيه مصاب محتاج نقل للمستشفى,People at Risk/Medical,Critical,الزاوية,"[{""start"": 19, ""end"": 26, ""text"": ""الزاوية"", ""label"": ""LOC""}]",generated
وفاة ثلاثة شباب اثر حادث سير على طريق الجبل بين الرياينة والزنتان,Road/Transportation,Critical,طريق الجبل بين الرياينة والزنتان,"[{""start"": 33, ""end"": 65, ""text"": ""طريق الجبل بين الرياينة والزنتان"", ""label"": ""LOC""}]",real
وجود بركة مياه مختلطة بوقود الديزل في شارع ولي العهد باتجاه مستشفى المواصفات وتحتاج الى وسيلة شفط,Infrastructure/Utilities,Medium,شارع ولي العهد,"[{""start"": 38, ""end"": 52, ""text"": ""شارع ولي العهد"", ""label"": ""LOC""}]",real
شاب انجرح في سبها ويحتاج خياطة النزيف توقف قبل وصول الاسعاف,People at Risk/Medical,Medium,سبها,"[{""start"": 13, ""end"": 17, ""text"": ""سبها"", ""label"": ""LOC""}]",generated
عطل في محول كهربائي مع انقطاع الخدمة عن حي كامل,Infrastructure/Utilities,Low,غير محدد,[],generated
انهيار سدي مدينة درنة وتدفق سيول جارفة ادت الى تدمير عدة مبان سكنية بوسط المدينة واختفاء شوارع بالكامل وسقوط مئات الضحايا,Flood/Severe Weather,Critical,درنة,"[{""start"": 17, ""end"": 21, ""text"": ""درنة"", ""label"": ""LOC""}]",generated
اندلاع حريق داخل ورشة سيارات بطريق السور بالقرب من بريد شارع الزاوية,Fire/Explosion,Medium,طريق السور,"[{""start"": 30, ""end"": 40, ""text"": ""طريق السور"", ""label"": ""LOC""}]",generated
انفجار بسيط في جهاز كهربائي داخل محل دون اصابات,Fire/Explosion,LOW,غير محدد,[],generated
الحفر في غريان زادت ومسببة خطر على السيارات,Road/Transportation,Low,غريان,"[{""start"": 9, ""end"": 14, ""text"": ""غريان"", ""label"": ""LOC""}]",generated
اندلاع حريق داخل مبنى ديوان المحاسبة الواقع بشارع الالكترونات في منطقة الظهرة,Fire/Explosion,Medium,الظهرة,"[{""start"": 71, ""end"": 77, ""text"": ""الظهرة"", ""label"": ""LOC""}]",real
سقوط شجرة على الطريق العام في شارع بن عاشور بالقرب من جامع باقي ما تسبب في اعاقة حركة السير,Road/Transportation,Medium,شارع بن عاشور,"[{""start"": 30, ""end"": 43, ""text"": ""شارع بن عاشور"", ""label"": ""LOC""}]",real
الزبالة متراكمة بشكل مرعب قريب من محطة محولات اللثامة في بنغازي,Other,Low,محطة محولات اللثامة وبنغازي,"[{""start"": 34, ""end"": 53, ""text"": ""محطة محولات اللثامة"", ""label"": ""LOC""}, {""start"": 57, ""end"": 63, ""text"": ""بنغازي"", ""label"": ""LOC""}]",generated
انهيار سدي مدينة درنة وتدفق سيول جارفة ادت الى ابتلاع عمارات سكنية بوسط الوادي والمناطق المنخفضة وسقوط الاف الضحايا والمفقودين,Flood/Severe Weather,Critical,درنة,"[{""start"": 17, ""end"": 21, ""text"": ""درنة"", ""label"": ""LOC""}]",real
نشوب حريق في مصرف الامان فرع الظهرة,Fire/Explosion,Medium,الظهرة,"[{""start"": 29, ""end"": 35, ""text"": ""الظهرة"", ""label"": ""LOC""}]",real
داهمت مياه السيول العارمة مدرسة الزهراء بوسط درنة مما ادى الى انهيار اجزاء منها ومحاصرة اشخاص داخلها وتصاعد مناشدات لاجلائهم بشكل عاجل,Flood/Severe Weather,High,مدرسة الزهراء,"[{""start"": 26, ""end"": 39, ""text"": ""مدرسة الزهراء"", ""label"": ""LOC""}]",real
البنزينة في اوباري زحمة والطابور واصل للطريق العام,Infrastructure/Utilities,Medium,أوباري,"[{""start"": 12, ""end"": 18, ""text"": ""اوباري"", ""label"": ""LOC""}]",generated
اصابة بسيطة في المنزل والمصاب مستقر ولا يحتاج الى انقاذ,People at Risk/Medical,LOW,غير محدد,[],generated
المية مقطوعة على عين زارة من الصبح ومفيش توضيح,Infrastructure/Utilities,Medium,عين زارة,"[{""start"": 17, ""end"": 25, ""text"": ""عين زارة"", ""label"": ""LOC""}]",generated
سيارة قلبت في الليثي في بنغازي وفيه اصابات متوسطة بين الركاب,Road/Transportation,High,الليثي في بنغازي,"[{""start"": 14, ""end"": 30, ""text"": ""الليثي في بنغازي"", ""label"": ""LOC""}]",generated
شخص يعاني من اصابة متوسطة ويحتاج الى نقل للمستشفى دون خطر فوري على الحياة,People at Risk/Medical,MEDIUM,غير محدد,[],generated
زوز عالقين داخل مبنى في طمينة في مصراتة وعندهم اصابات مش خطيرة,People at Risk/Medical,High,طمينة في مصراتة,"[{""start"": 24, ""end"": 39, ""text"": ""طمينة في مصراتة"", ""label"": ""LOC""}]",generated
فيه جماعة مخربين سور مدرسة بمنطقة الزروق في مصراتة كاتبين ومكسرين المكان,Infrastructure/Utilities,Medium,الزروق مصراتة,"[{""start"": 34, ""end"": 40, ""text"": ""الزروق"", ""label"": ""LOC""}]",generated
شاب مصاب في الزاوية ومحتاج اسعاف,People at Risk/Medical,High,الزاوية,"[{""start"": 12, ""end"": 19, ""text"": ""الزاوية"", ""label"": ""LOC""}]",generated
انفجار محدود في مستودع مع اضرار مادية واصابتين,Fire/Explosion,HIGH,غير محدد,[],generated
يا جماعة فيه اقتحام لمحل في السلماني ببنغازي الموضوع صار قبل شوية,Other,Medium,السلماني بنغازي,"[{""start"": 28, ""end"": 36, ""text"": ""السلماني"", ""label"": ""LOC""}]",generated
حريق واسع في مركز ايواء في سبها مع اشخاص محاصرين,Fire/Explosion,Critical,سبها,"[{""start"": 27, ""end"": 31, ""text"": ""سبها"", ""label"": ""LOC""}]",generated
حريق ضخم في مبنى سكني في غدامس مع ثلاث وفيات وعدة اصابات,Fire/Explosion,Critical,غدامس,"[{""start"": 25, ""end"": 30, ""text"": ""غدامس"", ""label"": ""LOC""}]",generated
اللي ماشي من طريق الميناء في مصراتة يدير حسابه الطريق متضرر واجد من الجهة هذي,Road/Transportation,Medium,طريق الميناء مصراتة,"[{""start"": 13, ""end"": 25, ""text"": ""طريق الميناء"", ""label"": ""LOC""}]",generated
انسداد خط صرف صحي رئيسي بمنطقة قمودة بطريق الداخلية وطريق السرول,Infrastructure/Utilities,low,قمودة وطريق السرول,"[{""start"": 31, ""end"": 64, ""text"": ""قمودة بطريق الداخلية وطريق السرول"", ""label"": ""LOC""}]",real
المحول في اوباري ضرب والشارع كله بدون كهرباء,Infrastructure/Utilities,High,أوباري,"[{""start"": 10, ""end"": 16, ""text"": ""اوباري"", ""label"": ""LOC""}]",generated
حريق صغير في سطح منزل في صلاح الدين في طرابلس,Fire/Explosion,Medium,صلاح الدين في طرابلس,"[{""start"": 25, ""end"": 45, ""text"": ""صلاح الدين في طرابلس"", ""label"": ""LOC""}]",generated
حالة في عيادة الاستقلال تحتاج سيارة اسعاف لنقلها الى مستشفى معيتيقة في عرادة,People at Risk/Medical,Medium,عيادة الاستقلال,"[{""start"": 8, ""end"": 23, ""text"": ""عيادة الاستقلال"", ""label"": ""LOC""}]",real
نافطة واقفة في سوق الجمعة ومضيقة الطريق ردوا بالكم,Road/Transportation,Medium,سوق الجمعة,"[{""start"": 15, ""end"": 25, ""text"": ""سوق الجمعة"", ""label"": ""LOC""}]",generated
انفجار خزان تسخين مياه داخل احد المنازل بمنطقة صلاح الدين مما ادى لاضرار مادية بالمكان,Fire/Explosion,Medium,صلاح الدين,"[{""start"": 47, ""end"": 57, ""text"": ""صلاح الدين"", ""label"": ""LOC""}]",generated
فيه عدة حالات اختناق من دخان كثيف في ترهونة,People at Risk/Medical,High,ترهونة,"[{""start"": 37, ""end"": 43, ""text"": ""ترهونة"", ""label"": ""LOC""}]",generated
انقطاع التيار الكهربائي عن جزء من منطقة بوهادي في بنغازي بسبب حادث مرور وكسر عمودين وسقوط اسلاك كهربائية,Infrastructure/Utilities,High,بوهادي بنغازي,"[{""start"": 40, ""end"": 56, ""text"": ""بوهادي في بنغازي"", ""label"": ""LOC""}]",real
تصادم متسلسل في قصر احمد في مصراتة وفيه عشرات المصابين,Road/Transportation,High,قصر أحمد في مصراتة,"[{""start"": 16, ""end"": 34, ""text"": ""قصر احمد في مصراتة"", ""label"": ""LOC""}]",generated
اصابة خمسة اشخاص في حادث مروري بطريق السبعة في طرابلس,Road/Transportation,High,طريق السبعة طرابلس,"[{""start"": 32, ""end"": 53, ""text"": ""طريق السبعة في طرابلس"", ""label"": ""LOC""}]",real
ارتفاع مفاجئ للمياه في وسط مدينة الزاوية مع غرق منازل ووجود مفقودين,Flood/Severe Weather,Critical,وسط مدينة الزاوية,"[{""start"": 23, ""end"": 40, ""text"": ""وسط مدينة الزاوية"", ""label"": ""LOC""}]",generated
شن افضل طريق نمشوا منه ل غريان في الوقت هذا,Other,Low,غريان,"[{""start"": 25, ""end"": 30, ""text"": ""غريان"", ""label"": ""LOC""}]",generated
حادث على كوبري في زليتن ومركبة معلقة على الحافة حياة الركاب في خطر مباشر,Road/Transportation,High,زليتن,"[{""start"": 18, ""end"": 23, ""text"": ""زليتن"", ""label"": ""LOC""}]",generated
جزء كبير من جسر انهار وفيه ضحايا ومفقودين,Infrastructure/Utilities,Critical,غير محدد,[],generated
غمرت المياه عدة طرق فرعية وبعض الممتلكات وتحتاج المنطقة لتصريف المياه,Flood/Severe Weather,MEDIUM,غير محدد,[],generated
حريق كبير في عدة مبان متجاورة مع اخلاء واسع للسكان,Fire/Explosion,CRITICAL,غير محدد,[],generated
انزلاق سيارة بسبب الامطار دون اصابات وتوقفت خارج الطريق,Road/Transportation,LOW,غير محدد,[],generated
حريقة صغيرة في نخلة عند وادي الربيع الدفاع المدني طفاها وما وصلتش للمباني,Fire/Explosion,Low,وادي الربيع,"[{""start"": 24, ""end"": 35, ""text"": ""وادي الربيع"", ""label"": ""LOC""}]",generated
شاحنة طاحت حمولتها في قرقارش وسكرت مسار واحد سائق مصاب اصابة متوسطة,Road/Transportation,Medium,قرقارش,"[{""start"": 22, ""end"": 28, ""text"": ""قرقارش"", ""label"": ""LOC""}]",generated
حريق في بناية سكنية متعددة الطوابق في صبراتة مع اجلاء عشرات السكان,Fire/Explosion,Critical,صبراتة,"[{""start"": 38, ""end"": 44, ""text"": ""صبراتة"", ""label"": ""LOC""}]",generated
الضي هرب من الخمس من بدري ومزال ما رجعش نبو نعرفوا شن السبب,Infrastructure/Utilities,Medium,الخمس,"[{""start"": 12, ""end"": 17, ""text"": ""الخمس"", ""label"": ""LOC""}]",generated
سيارة خشت في حاجز في البريقة وما فيش اصابات,Road/Transportation,Low,البريقة,"[{""start"": 21, ""end"": 28, ""text"": ""البريقة"", ""label"": ""LOC""}]",generated
وجود خطي مياه مكسورين بالقرب من صيدلية جمال عبد الناصر,Infrastructure/Utilities,Medium,صيدلية جمال عبد الناصر,"[{""start"": 32, ""end"": 54, ""text"": ""صيدلية جمال عبد الناصر"", ""label"": ""LOC""}]",real
نقص كبير في اسطوانات الغاز في زليتن وسعرها في السوق السودة قياسي,Infrastructure/Utilities,Medium,زليتن,"[{""start"": 30, ""end"": 35, ""text"": ""زليتن"", ""label"": ""LOC""}]",generated
الضي قاطع ليها 8 ساعات في حي الاندلس والحر هلبا والمكيفات كلها واقفة,Infrastructure/Utilities,Medium,حي الأندلس,"[{""start"": 26, ""end"": 36, ""text"": ""حي الاندلس"", ""label"": ""LOC""}]",generated
تصريف المياه واقف في راس اجدير وكل مطرة نفس المشكلة ترجع,Flood/Severe Weather,High,راس اجدير,"[{""start"": 21, ""end"": 30, ""text"": ""راس اجدير"", ""label"": ""LOC""}]",generated
المطر صبت بشكل قوي في صبراتة والشارع زلق,Flood/Severe Weather,Medium,صبراتة,"[{""start"": 22, ""end"": 28, ""text"": ""صبراتة"", ""label"": ""LOC""}]",generated
حادث متسلسل لعدة سيارات مع اصابات كثيرة واشخاص عالقين,Road/Transportation,CRITICAL,غير محدد,[],generated
وجود قذيفة مدفعية عيار 106 غير منفجرة بالقرب من كوبري الزهراء في منطقة الجفارة,Other,High,كوبري الزهراء,"[{""start"": 48, ""end"": 61, ""text"": ""كوبري الزهراء"", ""label"": ""LOC""}]",real
مريض في حالة حرجة يحتاج الى انعاش ونقل فوري,People at Risk/Medical,HIGH,غير محدد,[],generated
تسريب غاز محدود من خط في بني وليد كم حوش طلعوا مؤقت والفريق مسيطر,Infrastructure/Utilities,Medium,بني وليد,"[{""start"": 25, ""end"": 33, ""text"": ""بني وليد"", ""label"": ""LOC""}]",generated
كسر في خط مياه رئيسي في سرت مع انقطاع الامداد لعدة ساعات,Infrastructure/Utilities,Medium,سرت,"[{""start"": 24, ""end"": 27, ""text"": ""سرت"", ""label"": ""LOC""}]",generated
رياح شديدة في جنزور طيحت سقف حوش وفيه اصابة بشرية خطيرة جدا,Flood/Severe Weather,High,جنزور,"[{""start"": 14, ""end"": 19, ""text"": ""جنزور"", ""label"": ""LOC""}]",generated
زحمة هلبة في سوق الجمعة والحركة واقفة تقريبا,Road/Transportation,Medium,سوق الجمعة,"[{""start"": 13, ""end"": 23, ""text"": ""سوق الجمعة"", ""label"": ""LOC""}]",generated
عمود كهربا طايح في شارع ميزران بطرابلس والاسلاك قريبة من السيارات,Infrastructure/Utilities,Critical,شارع ميزران طرابلس,"[{""start"": 19, ""end"": 30, ""text"": ""شارع ميزران"", ""label"": ""LOC""}]",generated
حريق داخل منزل بطريق السور بالقرب من مسجد الهوني,Fire/Explosion,Medium,طريق السور,"[{""start"": 16, ""end"": 26, ""text"": ""طريق السور"", ""label"": ""LOC""}]",real
امطار قوية توا في صبراتة الرجاء تخفيف السرعة والحيطة,Flood/Severe Weather,Medium,صبراتة,"[{""start"": 18, ""end"": 24, ""text"": ""صبراتة"", ""label"": ""LOC""}]",generated
حالتان معقدتان في مستشفى الجلاء للولادة بطرابلس تعانيان من مشيمة ملتصقة بالغة الخطورة واحداهما تدهورت بسبب نزيف حاد,People at Risk/Medical,High,طرابلس,"[{""start"": 41, ""end"": 47, ""text"": ""طرابلس"", ""label"": ""LOC""}]",real
شاحنة عاطلة في بنغازي ومسببة اختناق في المرور,Road/Transportation,Medium,بنغازي,"[{""start"": 15, ""end"": 21, ""text"": ""بنغازي"", ""label"": ""LOC""}]",generated
النار منتشرة في عدة طوابق ببرج في اجدابيا فيه محاصرين هلبا,Fire/Explosion,Critical,أجدابيا,"[{""start"": 34, ""end"": 41, ""text"": ""اجدابيا"", ""label"": ""LOC""}]",generated
سيارة انقلبت قرب عين زارة الركاب طلعوا وعندهم اصابات متوسطة والطريق مفتوح جزئيا,Road/Transportation,Medium,عين زارة,"[{""start"": 17, ""end"": 25, ""text"": ""عين زارة"", ""label"": ""LOC""}]",generated
حريق بسيط في مركبة متوقفة في ابو سليم في طرابلس,Fire/Explosion,Medium,أبو سليم في طرابلس,"[{""start"": 29, ""end"": 47, ""text"": ""ابو سليم في طرابلس"", ""label"": ""LOC""}]",generated
بعد المطر جزء من الشارع انهار في قنفودة ببنغازي والممر ضاق على السيارات,Road/Transportation,High,قنفودة بنغازي,"[{""start"": 33, ""end"": 39, ""text"": ""قنفودة"", ""label"": ""LOC""}]",generated
يا شركة الكهرباء الدهماني بدون ضي من البارح,Infrastructure/Utilities,Medium,الدهماني,"[{""start"": 17, ""end"": 25, ""text"": ""الدهماني"", ""label"": ""LOC""}]",generated
نافطة واقفة في غريان ومضيقة الطريق ردوا بالكم,Road/Transportation,Medium,غريان,"[{""start"": 15, ""end"": 20, ""text"": ""غريان"", ""label"": ""LOC""}]",generated
تجمع مياه كثيف في عين زارة في طرابلس مع اخلاء منزلين,Flood/Severe Weather,Medium,عين زارة في طرابلس,"[{""start"": 18, ""end"": 36, ""text"": ""عين زارة في طرابلس"", ""label"": ""LOC""}]",generated
رماية مسموعة في تاجورا والناس تبي تعرف شن صاير ابعدوا عن المكان,People at Risk/Medical,High,تاجورا,"[{""start"": 16, ""end"": 22, ""text"": ""تاجورا"", ""label"": ""LOC""}]",generated
حريق واسع في مخزن وقود في صرمان يهدد المنشات المجاورة,Fire/Explosion,High,صرمان,"[{""start"": 26, ""end"": 31, ""text"": ""صرمان"", ""label"": ""LOC""}]",generated
وجود كسر في انبوب شبكة مياه النهر بمنطقة سوق الجمعة شارع شط الهنشير امام مسجد ابو دراع,Infrastructure/Utilities,Medium,سوق الجمعة,"[{""start"": 41, ""end"": 51, ""text"": ""سوق الجمعة"", ""label"": ""LOC""}]",real
طريق الدافنية غرق من المطر,Flood/Severe Weather,High,طريق الدافنية,"[{""start"": 0, ""end"": 13, ""text"": ""طريق الدافنية"", ""label"": ""LOC""}]",generated
اشتعال كمية من المخلفات في قرقارش في طرابلس,Fire/Explosion,Medium,قرقارش في طرابلس,"[{""start"": 27, ""end"": 43, ""text"": ""قرقارش في طرابلس"", ""label"": ""LOC""}]",generated
حادث جماعي فيه وفيات واصابات خطيرة,People at Risk/Medical,Critical,غير محدد,[],generated
حريق في محرك طائرة للخطوط الجوية الليبية اثناء التحليق تسبب في هلع بين الركاب,Fire/Explosion,Critical,غير محدد في المنشور,[],real
عملية سطو مسلح واطلاق نار على تاجر عملة فوق كوبري الودان اثناء توجهه من سوق المشير الى الظهرة في مدينة طرابلس وسرقة اموال منه,Other,High,كوبري الودان,"[{""start"": 44, ""end"": 56, ""text"": ""كوبري الودان"", ""label"": ""LOC""}]",real
نبو سيارة اسعاف بشكل عاجل الحالة محتاجة تدخل سريع,People at Risk/Medical,Critical,,[],generated
عملية سطو مسلح بطريق السدرة في قصر بن غشير اسفرت عن سرقة سيارة احد المواطنين,Other,High,قصر بن غشير,"[{""start"": 31, ""end"": 42, ""text"": ""قصر بن غشير"", ""label"": ""LOC""}]",real
طفل ضايع في الكيش في بنغازي,People at Risk/Medical,Medium,الكيش في بنغازي,"[{""start"": 12, ""end"": 27, ""text"": ""الكيش في بنغازي"", ""label"": ""LOC""}]",generated
ضبط شخص متورط في قضايا اطلاق نار وسطو مسلح وسرقة مركبات وانتحال صفة ضابط في اوباري,Other,Medium,أوباري,"[{""start"": 76, ""end"": 82, ""text"": ""اوباري"", ""label"": ""LOC""}]",real
ولد صغير ضايع في طريق الشط في طرابلس,People at Risk/Medical,Low,طريق الشط في طرابلس,"[{""start"": 17, ""end"": 36, ""text"": ""طريق الشط في طرابلس"", ""label"": ""LOC""}]",generated
اندلاع حريق بسيط في سلة قمامة ومخلفات بجانب المحلات التجارية بشارع عمر المختار,Fire/Explosion,Low,شارع عمر المختار,"[{""start"": 62, ""end"": 78, ""text"": ""شارع عمر المختار"", ""label"": ""LOC""}]",real
زوز اشخاص تصابوا بعد ما طاح جزء من السقف في الزنتان,People at Risk/Medical,High,الزنتان,"[{""start"": 44, ""end"": 51, ""text"": ""الزنتان"", ""label"": ""LOC""}]",generated
تعرض كيميائي جماعي في رقدالين خلى عشرات المصابين مطلوب دعم طبي من مناطق ثانية,People at Risk/Medical,Critical,رقدالين,"[{""start"": 22, ""end"": 29, ""text"": ""رقدالين"", ""label"": ""LOC""}]",generated
جريان الاودية الجبلية وتدفق مياه الامطار الغزيرة بفعل الاعصار المتوسطي دانيال في مناطق ومدن الشرق الليبي,Flood/Severe Weather,High,الشرق الليبي,"[{""start"": 92, ""end"": 104, ""text"": ""الشرق الليبي"", ""label"": ""LOC""}]",real
طاح برج اتصالات تابع للمدار في وادي الشاطئ بسبب الرياح القوية والخدمة انقطعت كامل على القرى اللي حداه,Infrastructure/Utilities,Medium,وادي الشاطئ,"[{""start"": 31, ""end"": 42, ""text"": ""وادي الشاطئ"", ""label"": ""LOC""}]",generated
دخان كثيف من مخزن محدود في مصراتة تم اخلاء المحلات اللي جنبه والنار تحت السيطرة,Fire/Explosion,Medium,مصراتة,"[{""start"": 27, ""end"": 33, ""text"": ""مصراتة"", ""label"": ""LOC""}]",generated
سقوط طفل عمره تسعة اشهر من مكان مرتفع في سرت ادى الى نزيف حاد في المخ وانخفاض مستوى الوعي,People at Risk/Medical,High,سرت,"[{""start"": 41, ""end"": 44, ""text"": ""سرت"", ""label"": ""LOC""}]",real
فيضانات واسعة في طريق المطار في طرابلس مع اجلاء عدد من الاسر,Flood/Severe Weather,High,طريق المطار في طرابلس,"[{""start"": 17, ""end"": 38, ""text"": ""طريق المطار في طرابلس"", ""label"": ""LOC""}]",generated
مية النهر الصناعي مقطوعة على اغلب احياء طرابلس الكبرى بسبب مشاكل في الضي وحقول الابار,Infrastructure/Utilities,High,طرابلس الكبرى,"[{""start"": 40, ""end"": 53, ""text"": ""طرابلس الكبرى"", ""label"": ""LOC""}]",generated
محطة انتظار الحافلات في حي سكرة بسبها خربوها بالكامل,Infrastructure/Utilities,Medium,حي سكرة سبها,"[{""start"": 24, ""end"": 31, ""text"": ""حي سكرة"", ""label"": ""LOC""}]",generated
شاب مصاب في تاجورا ومحتاج اسعاف,People at Risk/Medical,High,تاجورا,"[{""start"": 12, ""end"": 18, ""text"": ""تاجورا"", ""label"": ""LOC""}]",generated
وجود تسريب في انبوب مياه النهر بشارع الصريم مقابل مدرسة طرابلس الثانوية ضمن نطاق بلدية طرابلس المركز,Infrastructure/Utilities,Medium,شارع الصريم,"[{""start"": 32, ""end"": 43, ""text"": ""شارع الصريم"", ""label"": ""LOC""}]",real
سيول قوية حاصرت عددا من السكان وتمنع وصول المركبات,Flood/Severe Weather,HIGH,غير محدد,[],generated
امراة محتاجة نقل طبي من ترهونة واعية ومافيش تهديد مباشر لحياتها,People at Risk/Medical,Medium,ترهونة,"[{""start"": 24, ""end"": 30, ""text"": ""ترهونة"", ""label"": ""LOC""}]",generated
عائلة عالقة بسبب تجمع المياه في قرقارش ومحتاجة مساعدة,People at Risk/Medical,Critical,قرقارش,"[{""start"": 32, ""end"": 38, ""text"": ""قرقارش"", ""label"": ""LOC""}]",generated
تصادم بسيط بين سيارتين في الكفرة وما فيش اصابات,Road/Transportation,Low,الكفرة,"[{""start"": 26, ""end"": 32, ""text"": ""الكفرة"", ""label"": ""LOC""}]",generated
مطر قوية في الرجبان دخلت لزوز حياش العائلات طلعت مؤقت والوضع تحت السيطرة,Flood/Severe Weather,Medium,الرجبان,"[{""start"": 12, ""end"": 19, ""text"": ""الرجبان"", ""label"": ""LOC""}]",generated
حريق داخل ورشة مع اصابة شخص بحروق طفيفة,Fire/Explosion,High,غير محدد,[],generated
طلب مرافقة دورية امنية لفريق صيانة تابع للشركة العامة للكهرباء امام مركز شرطة باب بن غشير,Other,Low,باب بن غشير,"[{""start"": 78, ""end"": 89, ""text"": ""باب بن غشير"", ""label"": ""LOC""}]",real
انهيار جسر رئيسي في سوق الجمعة اثناء الزحمة سيارات هلبة طاحت وعدد المفقودين كبير,Infrastructure/Utilities,Critical,سوق الجمعة,"[{""start"": 20, ""end"": 30, ""text"": ""سوق الجمعة"", ""label"": ""LOC""}]",generated
صار تماس في لوحة صغيرة داخل محل في جنزور فصلوا الكهرباء ومافيش حد تضرر,Fire/Explosion,Low,جنزور,"[{""start"": 35, ""end"": 40, ""text"": ""جنزور"", ""label"": ""LOC""}]",generated
شخص عنده جرح بسيط في بوعطني في بنغازي,People at Risk/Medical,Low,بوعطني في بنغازي,"[{""start"": 21, ""end"": 37, ""text"": ""بوعطني في بنغازي"", ""label"": ""LOC""}]",generated
فيه عدة حالات اختناق بسيطة في المرج,People at Risk/Medical,Medium,المرج,"[{""start"": 30, ""end"": 35, ""text"": ""المرج"", ""label"": ""LOC""}]",generated
حريق كبير في محطة غاز ببني وليد مع خطر انفجار خزانات متعددة المنطقة السكنية كلها تحت تهديد مباشر,Fire/Explosion,Critical,بني وليد,"[{""start"": 23, ""end"": 31, ""text"": ""بني وليد"", ""label"": ""LOC""}]",generated
عيلة استنشقت دخان مولد في غات عندهم اعراض متوسطة وكلهم واعيين,People at Risk/Medical,Medium,غات,"[{""start"": 26, ""end"": 29, ""text"": ""غات"", ""label"": ""LOC""}]",generated
تسمم جماعي في مناسبة بالرجبان,People at Risk/Medical,Critical,الرجبان,"[{""start"": 22, ""end"": 29, ""text"": ""الرجبان"", ""label"": ""LOC""}]",generated
السائق محشور في السيارة في قرقارش والشباب يحاولوا يطلعوه,People at Risk/Medical,Critical,قرقارش,"[{""start"": 27, ""end"": 33, ""text"": ""قرقارش"", ""label"": ""LOC""}]",generated
حالة في مستشفى القلب بمنطقة تاجوراء تحتاج فصيلة دم O,People at Risk/Medical,Medium,تاجوراء,"[{""start"": 28, ""end"": 35, ""text"": ""تاجوراء"", ""label"": ""LOC""}]",real
تصادم بين حافلة وشاحنة في صرمان فيه وفيات وعدد كبير من المصابين,Road/Transportation,Critical,صرمان,"[{""start"": 26, ""end"": 31, ""text"": ""صرمان"", ""label"": ""LOC""}]",generated
عطل كبير في محطة مياه في طبرق اوقف الامداد عن الاف السكان,Infrastructure/Utilities,High,طبرق,"[{""start"": 25, ""end"": 29, ""text"": ""طبرق"", ""label"": ""LOC""}]",generated
محطة توزيع صغيرة في طبرق وقفت الانقطاع على حي واحد ومتوقع يصلحوها اليوم,Infrastructure/Utilities,Medium,طبرق,"[{""start"": 20, ""end"": 24, ""text"": ""طبرق"", ""label"": ""LOC""}]",generated
معاملة خايبة واجراءات بطيئة في مكتب التوثيق والسجل المدني بطرابلس والموظفين غايبين,Other,Low,طرابلس,"[{""start"": 59, ""end"": 65, ""text"": ""طرابلس"", ""label"": ""LOC""}]",generated
ثلاثة اشخاص مفقودين قريب من غات,People at Risk/Medical,Medium,غات,"[{""start"": 28, ""end"": 31, ""text"": ""غات"", ""label"": ""LOC""}]",generated
فيضان جزئي عند كوبري وادي الربيع وتراكم الطين والمياه ادى الى غلق الطريق امام المركبات الصغيرة,Flood/Severe Weather,Medium,وادي الربيع,"[{""start"": 21, ""end"": 32, ""text"": ""وادي الربيع"", ""label"": ""LOC""}]",generated
سرقة سيارة مواطن بعد اعتراضه من قبل مجموعة مسلحة في منطقة بئر الغنم,Other,High,بئر الغنم,"[{""start"": 58, ""end"": 67, ""text"": ""بئر الغنم"", ""label"": ""LOC""}]",real
مقتل شابين اثر تعرضهما لاطلاق نار في مدينة سبها,Other,High,سبها,"[{""start"": 43, ""end"": 47, ""text"": ""سبها"", ""label"": ""LOC""}]",real
حالات تسمم جماعي بعد تسرب مادة كيميائية مع حاجة للاخلاء والمعالجة,People at Risk/Medical,CRITICAL,غير محدد,[],generated
اندلاع حريق داخل مخزن بالقرب من الملكية مول في منطقة السدرة,Fire/Explosion,Medium,السدرة,"[{""start"": 53, ""end"": 59, ""text"": ""السدرة"", ""label"": ""LOC""}]",real
فيه ناس محاصرين داخل مبنى,People at Risk/Medical,High,غير محدد,[],generated
اصابة طفل وشخص اخر بالرصاص بالقرب من سيمافرو المستشفى في مدينة صبراتة واحداهما اصابة خطيرة,Other,High,صبراتة,"[{""start"": 63, ""end"": 69, ""text"": ""صبراتة"", ""label"": ""LOC""}]",real
حريق كبير في مبنى سكني من عدة طوابق مع وجود اشخاص عالقين بالداخل,Fire/Explosion,CRITICAL,غير محدد,[],generated
انفجار في مركبة متوقفة ادى الى اضرار محدودة دون اصابات,Fire/Explosion,MEDIUM,غير محدد,[],generated
انتشال جثة شاب من شاطئ القويعة طرابلس بعد حادث غرق ادى الى وفاة شخصين,People at Risk/Medical,High,شاطئ القويعة طرابلس,"[{""start"": 18, ""end"": 37, ""text"": ""شاطئ القويعة في طرابلس"", ""label"": ""LOC""}]",real
فيه شخص عالق داخل سيارة بعد حادث في قرقارش ونبو اسعاف وانقاذ,People at Risk/Medical,Critical,قرقارش,"[{""start"": 36, ""end"": 42, ""text"": ""قرقارش"", ""label"": ""LOC""}]",generated
المحول في الدهماني ضرب والشارع كله بدون كهرباء,Infrastructure/Utilities,High,الدهماني,"[{""start"": 10, ""end"": 18, ""text"": ""الدهماني"", ""label"": ""LOC""}]",generated
لين توا ما وزعوش الكتاب المدرسي في اغلب مدارس الجنوب الليبي وفات شهرين على بداية السنة الدراسية والتلاميذ بدون كتب,Other,Medium,الجنوب الليبي,"[{""start"": 46, ""end"": 59, ""text"": ""الجنوب الليبي"", ""label"": ""LOC""}]",generated
حادث مروري بين ست مركبات على الطريق السريع ادى الى ثلاث اصابات متوسطة الى بليغة,Road/Transportation,High,الطريق السريع,"[{""start"": 29, ""end"": 42, ""text"": ""الطريق السريع"", ""label"": ""LOC""}]",real
شبكة ليبيانا قاطعة كامل في واحات جالو واوجلة,Infrastructure/Utilities,Medium,جالو وأوجلة,"[{""start"": 33, ""end"": 37, ""text"": ""جالو"", ""label"": ""LOC""}, {""start"": 39, ""end"": 44, ""text"": ""اوجلة"", ""label"": ""LOC""}]",generated
البنزينة في الدهماني زحمة والطابور واصل للطريق العام,Infrastructure/Utilities,Medium,الدهماني,"[{""start"": 12, ""end"": 20, ""text"": ""الدهماني"", ""label"": ""LOC""}]",generated
سيارة طلعت من الطريق في تازربو وما فيش اصابات,Road/Transportation,Low,تازربو,"[{""start"": 24, ""end"": 30, ""text"": ""تازربو"", ""label"": ""LOC""}]",generated
اندلاع حريق داخل مدرسة بدر غرور,Fire/Explosion,High,مدرسة بدر غرور,"[{""start"": 17, ""end"": 31, ""text"": ""مدرسة بدر غرور"", ""label"": ""LOC""}]",real
انفجار انبوب مياه في احد شوارع مصراتة تسبب في تسرب كميات كبيرة من المياه واغلاق جزء من الطريق,Infrastructure/Utilities,Medium,مصراتة,"[{""start"": 31, ""end"": 37, ""text"": ""مصراتة"", ""label"": ""LOC""}]",real
وجود شخص فاقد للوعي اسفل احد الكباري,People at Risk/Medical,High,غير محدد في المنشور,[],real
حادث سير في طريق المطار يؤدي الى اشتعال نيران بسيارة احد المواطنين قبل قليل,Fire/Explosion,High,طريق المطار,"[{""start"": 12, ""end"": 23, ""text"": ""طريق المطار"", ""label"": ""LOC""}]",real
انقلاب حافلة وعلى متنها عدد كبير من الركاب مع عدة اصابات خطيرة,Road/Transportation,CRITICAL,غير محدد,[],generated
شاب مصاب في طريق الجامعة ومحتاج اسعاف,People at Risk/Medical,High,طريق الجامعة,"[{""start"": 12, ""end"": 24, ""text"": ""طريق الجامعة"", ""label"": ""LOC""}]",generated
فيضان محلي اثر على الطريق وادى الى اجلاء عدد محدود من الاسر,Flood/Severe Weather,HIGH,غير محدد,[],generated
هبوط بسيط في جزء من الرصيف في سبها,Infrastructure/Utilities,Low,سبها,"[{""start"": 30, ""end"": 34, ""text"": ""سبها"", ""label"": ""LOC""}]",generated
موقع حجز الجوازات ما يخدمش ويتقفل بعد دقيقة من ما تفتحه,Other,Low,غير محدد,[],generated
تسرب بخط مياه رئيسي امام مركز طرابلس الطبي بشارع النصر في طرابلس,Infrastructure/Utilities,Medium,شارع النصر,"[{""start"": 44, ""end"": 54, ""text"": ""شارع النصر"", ""label"": ""LOC""}]",real
الطريق في راس اجدير مسكر توا بسبب اعمال صيانة,Road/Transportation,Medium,رأس اجدير,"[{""start"": 10, ""end"": 19, ""text"": ""راس اجدير"", ""label"": ""LOC""}]",generated
زحمة خانقة واقفة من بدري في الهضبة بسبب عطل شاحنة,Road/Transportation,Medium,الهضبة,"[{""start"": 28, ""end"": 34, ""text"": ""الهضبة"", ""label"": ""LOC""}]",generated
حريق محدود في حاوية نفايات في سوق الجمعة في طرابلس,Fire/Explosion,Medium,سوق الجمعة في طرابلس,"[{""start"": 30, ""end"": 50, ""text"": ""سوق الجمعة في طرابلس"", ""label"": ""LOC""}]",generated
وجود عطل في كابل كهرباء بمنطقة صلاح الدين بالقرب من عمارات صلاح الدين نتيجة اعمال حفر,Infrastructure/Utilities,Medium,صلاح الدين,"[{""start"": 31, ""end"": 41, ""text"": ""صلاح الدين"", ""label"": ""LOC""}]",real
شاب مصاب في قرقارش ومحتاج اسعاف,People at Risk/Medical,High,قرقارش,"[{""start"": 12, ""end"": 18, ""text"": ""قرقارش"", ""label"": ""LOC""}]",generated
اندلاع حريق في احد الاسواق بمنطقة قاريونس بمدينة بنغازي,Fire/Explosion,High,قاريونس بنغازي,"[{""start"": 34, ""end"": 41, ""text"": ""قاريونس"", ""label"": ""LOC""}, {""start"": 49, ""end"": 55, ""text"": ""بنغازي"", ""label"": ""LOC""}]",real
فيه عدة عمال مصابين اصابات خطيرة في تراغن,People at Risk/Medical,High,تراغن,"[{""start"": 36, ""end"": 41, ""text"": ""تراغن"", ""label"": ""LOC""}]",generated
ازعاج مستمر للسكان جراء وجود مسكن للعمالة الوافدة بمنطقة شط الهنشير في سوق الجمعة,Other,Low,شط الهنشير,"[{""start"": 57, ""end"": 67, ""text"": ""شط الهنشير"", ""label"": ""LOC""}]",real
انهيار جزئي في سقف منزل وتم اخلاء السكان دون اصابات,Other,MEDIUM,غير محدد,[],generated
يحرقوا في النفايات الطبية في العراء قريب من الاحياء السكنية في سبها كارثة بيئية,Other,Medium,سبها,"[{""start"": 63, ""end"": 67, ""text"": ""سبها"", ""label"": ""LOC""}]",generated
حادث سير قوي فيه وفيات واصابات متعددة,Road/Transportation,Critical,غير محدد,[],generated
شارع الاصفاح بين الاعطال وطرح الاحمال معاناة السكان من انقطاع الكهرباء لساعات طويلة,Infrastructure/Utilities,Medium,شارع الأصفاح,"[{""start"": 0, ""end"": 12, ""text"": ""شارع الاصفاح"", ""label"": ""LOC""}]",real
مياه الامطار غمرت موقف سيارات دون وجود اشخاص في خطر,Flood/Severe Weather,LOW,غير محدد,[],generated
حريق في متجر للمواد المنزلية في البركة في بنغازي مع اضرار مادية بالمحل,Fire/Explosion,High,البركة في بنغازي,"[{""start"": 32, ""end"": 48, ""text"": ""البركة في بنغازي"", ""label"": ""LOC""}]",generated
طاحت اجزاء من عمارة قديمة في المدينة القديمة طرابلس وفيه جرحى وناس محاصرين تحت الانقاض عاجل,Infrastructure/Utilities,High,المدينة القديمة وطرابلس,"[{""start"": 29, ""end"": 44, ""text"": ""المدينة القديمة"", ""label"": ""LOC""}, {""start"": 45, ""end"": 51, ""text"": ""طرابلس"", ""label"": ""LOC""}]",generated
سيول في منطقة الوسيطة شمال مدينة البيضاء,Flood/Severe Weather,High,الوسيطة شمال البيضاء,"[{""start"": 14, ""end"": 40, ""text"": ""الوسيطة شمال مدينة البيضاء"", ""label"": ""LOC""}]",real
حرائق واسعة في غابات الجبل الاخضر دون خسائر بشرية حتى وقت النشر,Fire/Explosion,High,الجبل الأخضر,"[{""start"": 21, ""end"": 33, ""text"": ""الجبل الاخضر"", ""label"": ""LOC""}]",real
حادث سير في طريق المطار والرجاء اللي مستعجل يتفادى الطريق,Road/Transportation,High,طريق المطار,"[{""start"": 12, ""end"": 23, ""text"": ""طريق المطار"", ""label"": ""LOC""}]",generated
سقوط سقف مدرسة قيد الانشاء في القربولي بدون وجود اصابات بشرية,Infrastructure/Utilities,Medium,القربولي,"[{""start"": 30, ""end"": 38, ""text"": ""القربولي"", ""label"": ""LOC""}]",generated
45 وفاة غرقا واكثر من 70 عملية انقاذ على الساحل الشرقي الليبي منذ بداية الصيف,People at Risk/Medical,Critical,الساحل الشرقي الليبي,"[{""start"": 41, ""end"": 61, ""text"": ""الساحل الشرقي الليبي"", ""label"": ""LOC""}]",real
انقطاع الكهرباء منذ يوم امس في تاجوراء اربعة شوارع سيرتي بالقرب من مدرسة السلام مع وجود عطل بخط 11,Infrastructure/Utilities,Medium,تاجوراء,"[{""start"": 31, ""end"": 38, ""text"": ""تاجوراء"", ""label"": ""LOC""}]",real
فيه ناس محاصرين بالمية في تاجورا ونبو فرق انقاذ,People at Risk/Medical,Critical,تاجورا,"[{""start"": 26, ""end"": 32, ""text"": ""تاجورا"", ""label"": ""LOC""}]",generated
الضي مقطوع على حي المنشية بسبها من يومين ورا بعض والاكل اللي في الفريزر كله خرب,Infrastructure/Utilities,Medium,حي المنشية وسبها,"[{""start"": 15, ""end"": 25, ""text"": ""حي المنشية"", ""label"": ""LOC""}, {""start"": 27, ""end"": 31, ""text"": ""سبها"", ""label"": ""LOC""}]",generated
واحد يغرق قبالة شحات والمنقذين يحاولوا يوصلوله حياته في خطر مباشر,People at Risk/Medical,High,شحات,"[{""start"": 16, ""end"": 20, ""text"": ""شحات"", ""label"": ""LOC""}]",generated
مركبة انزلقت في توكرة ووقفت على جنب كل اللي فيها سالمين,Road/Transportation,Low,توكرة,"[{""start"": 16, ""end"": 21, ""text"": ""توكرة"", ""label"": ""LOC""}]",generated
حريق كبير في مستودع مع امتداد النيران الى مبان مجاورة,Fire/Explosion,High,غير محدد,[],generated
حادث كبير في وسط مدينة الزاوية وفيه اصابات واجدة والطريق مسكر بالكامل,Road/Transportation,High,وسط مدينة الزاوية,"[{""start"": 13, ""end"": 30, ""text"": ""وسط مدينة الزاوية"", ""label"": ""LOC""}]",generated
دخان طالع من مخزن في جنزور والريحة قوية نبو المطافي والاسعاف يجو للمكان,Fire/Explosion,High,جنزور,"[{""start"": 21, ""end"": 26, ""text"": ""جنزور"", ""label"": ""LOC""}]",generated
ارتفاع مفاجئ في عدد الحالات الطبية بعد تعرض مجموعة لمادة كيميائية,People at Risk/Medical,CRITICAL,غير محدد,[],generated
شوارع الليثي غرقت كلها بعد مطر خفيف اليوم ومية المطر دخلت في بعض المحلات,Flood/Severe Weather,Medium,الليثي,"[{""start"": 6, ""end"": 12, ""text"": ""الليثي"", ""label"": ""LOC""}]",generated
يا جماعة فيه نار طالعة من محل في درنة اللي قريب يبعد عن المكان,Fire/Explosion,High,درنة,"[{""start"": 33, ""end"": 37, ""text"": ""درنة"", ""label"": ""LOC""}]",generated
اصابة 22 ليبيا اثر انزلاق حافلة سفر متجهة الى تونس في محافظة مدنين,Road/Transportation,Critical,مدنين قرب الحدود الليبية,"[{""start"": 61, ""end"": 66, ""text"": ""مدنين"", ""label"": ""LOC""}]",real
انهيار جزء من طريق رئيسي في المرج ادى الى اغلاقه بالكامل,Infrastructure/Utilities,Medium,المرج,"[{""start"": 28, ""end"": 33, ""text"": ""المرج"", ""label"": ""LOC""}]",generated
فيه ناس محاصرين تحت الردم في زليتن,People at Risk/Medical,High,زليتن,"[{""start"": 29, ""end"": 34, ""text"": ""زليتن"", ""label"": ""LOC""}]",generated
بعد المطر طريق زناتة بطرابلس غرق بالكامل السيارات واقفة من الجهتين,Flood/Severe Weather,High,طريق زناتة طرابلس,"[{""start"": 10, ""end"": 20, ""text"": ""طريق زناتة"", ""label"": ""LOC""}]",generated
انجراف وتراكم عدة سيارات فوق بعضها وانغمارها بمياه السيول العارمة قرب المباني السكنية بمدينة درنة,Flood/Severe Weather,High,درنة,"[{""start"": 93, ""end"": 97, ""text"": ""درنة"", ""label"": ""LOC""}]",real
مخابز في طبرق تستعمل برومات البوتاسيوم الممنوعة في عجين الخبز كارثة صحية على الناس,People at Risk/Medical,Medium,طبرق,"[{""start"": 9, ""end"": 13, ""text"": ""طبرق"", ""label"": ""LOC""}]",generated
حادث بين ثلاث سيارات اسفر عن اصابات طفيفة على طريق غريان مزدة,Road/Transportation,Medium,طريق غريان-مزدة,"[{""start"": 46, ""end"": 61, ""text"": ""طريق غريان مزدة"", ""label"": ""LOC""}]",real
حادث سير مفجع في طريق مصنع الشاحنات تاجوراء قرب الجامع الاخضر بين سيارتين,Road/Transportation,High,طريق مصنع الشاحنات تاجوراء,"[{""start"": 17, ""end"": 43, ""text"": ""طريق مصنع الشاحنات تاجوراء"", ""label"": ""LOC""}]",real
انقطاع كهرباء في اوباري لساعات والناس تبي حل,Infrastructure/Utilities,Medium,أوباري,"[{""start"": 17, ""end"": 23, ""text"": ""اوباري"", ""label"": ""LOC""}]",generated
حريق في مولد كهربائي اسفل بناية سكنية بمنطقة 11 يونيو في مصراتة وتمت السيطرة عليه,Fire/Explosion,Medium,11 يونيو مصراتة,"[{""start"": 45, ""end"": 63, ""text"": ""11 يونيو في مصراتة"", ""label"": ""LOC""}]",real
حادث مروع على الطريق الساحلي مصراتة حافلة ركاب اصطدمت بشاحنة وفيه وفيات كثيرة وعشرات المصابين بحالات خطيرة والاسعاف المحلي ما كفاش والطريق توا مقفول,Road/Transportation,Critical,الطريق الساحلي ومصراتة,"[{""start"": 14, ""end"": 28, ""text"": ""الطريق الساحلي"", ""label"": ""LOC""}, {""start"": 29, ""end"": 35, ""text"": ""مصراتة"", ""label"": ""LOC""}]",generated
عامل طاح من ارتفاع في طبرق واصابته مهددة للحياة محتاج نقل عاجل,People at Risk/Medical,High,طبرق,"[{""start"": 22, ""end"": 26, ""text"": ""طبرق"", ""label"": ""LOC""}]",generated
الحفر في طريق المطار زادت ومسببة خطر على السيارات,Road/Transportation,Low,طريق المطار,"[{""start"": 9, ""end"": 20, ""text"": ""طريق المطار"", ""label"": ""LOC""}]",generated
حالة طارئة في تاجورا ومحتاجين سيارة اسعاف باسرع وقت,People at Risk/Medical,Critical,تاجورا,"[{""start"": 14, ""end"": 20, ""text"": ""تاجورا"", ""label"": ""LOC""}]",generated
اعمال حفر دون اذن تسببت في انقطاع واسع للكهرباء في بنغازي,Infrastructure/Utilities,High,بنغازي,"[{""start"": 51, ""end"": 57, ""text"": ""بنغازي"", ""label"": ""LOC""}]",real
الكهربا قاطعة على زنقة وحدة في صبراتة الفريق جاي,Infrastructure/Utilities,Low,صبراتة,"[{""start"": 31, ""end"": 37, ""text"": ""صبراتة"", ""label"": ""LOC""}]",generated
وجود هبوط مفاجئ في الطريق العام بمحلة قرقارش امام بصريات النعمان ومحطة وقود الشرارة ببلدية حي الاندلس,Road/Transportation,Medium,قرقارش,"[{""start"": 38, ""end"": 44, ""text"": ""قرقارش"", ""label"": ""LOC""}]",real
طفح مياه الصرف الصحي بشارع 9 بالقرب من مقهى فارس في غوط الشعال,Infrastructure/Utilities,Medium,غوط الشعال,"[{""start"": 52, ""end"": 62, ""text"": ""غوط الشعال"", ""label"": ""LOC""}]",real
ثلاث سيارات تصادمن عند تاجوراء اصابات بسيطة وزحمة هلبة في المكان,Road/Transportation,Medium,تاجوراء,"[{""start"": 23, ""end"": 30, ""text"": ""تاجوراء"", ""label"": ""LOC""}]",generated
اندلاع حريق داخل منزل في بن عاشور بجوار مسجد بن ناجي,Fire/Explosion,Medium,بن عاشور,"[{""start"": 25, ""end"": 33, ""text"": ""بن عاشور"", ""label"": ""LOC""}]",generated
مشروع في طريق المطار واقف والشارع متبهدل من الحفر,Other,Low,طريق المطار,"[{""start"": 9, ""end"": 20, ""text"": ""طريق المطار"", ""label"": ""LOC""}]",generated
سقوط كابل كهربائي في منطقة عين زارة بطريق المشتل بالقرب من سوق الغزيوي,Infrastructure/Utilities,High,عين زارة,"[{""start"": 27, ""end"": 35, ""text"": ""عين زارة"", ""label"": ""LOC""}]",real
انسداد خط صرف صحي فرعي مع تجمع محدود للمياه,Infrastructure/Utilities,Low,غير محدد,[],generated
تسرب مياه من انبوب صغير في الزنتان,Infrastructure/Utilities,Low,الزنتان,"[{""start"": 27, ""end"": 34, ""text"": ""الزنتان"", ""label"": ""LOC""}]",generated
وجود نافطة على كوبري الشاحنات جهة مدرسة الواحة تشكل عائقا على الطريق,Road/Transportation,High,كوبري الشاحنات,"[{""start"": 15, ""end"": 29, ""text"": ""كوبري الشاحنات"", ""label"": ""LOC""}]",
حريقة في سطح عمارة في سرت امتدت لخزان بلاستيك وبعدين تمت السيطرة عليها,Fire/Explosion,Medium,سرت,"[{""start"": 22, ""end"": 25, ""text"": ""سرت"", ""label"": ""LOC""}]",generated
الطريق في بنغازي مسكر توا بسبب اعمال صيانة,Road/Transportation,Medium,بنغازي,"[{""start"": 10, ""end"": 16, ""text"": ""بنغازي"", ""label"": ""LOC""}]",generated
الصرف الصحي فايض في الخمس والريحة والمية في نص الشارع,Infrastructure/Utilities,High,الخمس,"[{""start"": 20, ""end"": 25, ""text"": ""الخمس"", ""label"": ""LOC""}]",generated
الكلاب السايبة منتشرة في شوارع الزاوية وتخوف النساء والاطفال بالليل,Other,Low,الزاوية,"[{""start"": 31, ""end"": 38, ""text"": ""الزاوية"", ""label"": ""LOC""}]",generated
انقطاع مياه النهر عن مدينة زليتن في محلة زاوية الفطيسي بالقرب من مسجد الحمودات لاكثر من اسبوعين,Infrastructure/Utilities,Medium,زاوية الفطيسي,"[{""start"": 41, ""end"": 54, ""text"": ""زاوية الفطيسي"", ""label"": ""LOC""}]",real
اشتعال محدود في مولد كهربائي في طريق المطار في طرابلس,Fire/Explosion,Medium,طريق المطار في طرابلس,"[{""start"": 32, ""end"": 53, ""text"": ""طريق المطار في طرابلس"", ""label"": ""LOC""}]",generated
اندلاع حريق في مركبة بالقرب من صالة نهاوند,Fire/Explosion,Medium,صالة نهاوند,"[{""start"": 31, ""end"": 42, ""text"": ""صالة نهاوند"", ""label"": ""LOC""}]",generated
انقطاع كامل للكهرباء في سوق الجمعة في طرابلس اثر مباشرة على مستشفى ومرافق حيوية,Infrastructure/Utilities,High,سوق الجمعة في طرابلس,"[{""start"": 24, ""end"": 44, ""text"": ""سوق الجمعة في طرابلس"", ""label"": ""LOC""}]",generated
عراك بين اكثر من شخص عند محطة وقود في حي القرضة بسبها والناس تحاول تفرق فيهم,Other,High,حي القرضة سبها,"[{""start"": 38, ""end"": 47, ""text"": ""حي القرضة"", ""label"": ""LOC""}]",generated
حادث شاحنة مع تسرب وقود من الخزان والطريق اصبح معرضا لخطر اضافي,Road/Transportation,HIGH,غير محدد,[],generated
تسمم بغاز داخل مجمع سكني في سلوق اصابات هلبا واخلاء عدة عمارات بدا,People at Risk/Medical,Critical,سلوق,"[{""start"": 28, ""end"": 32, ""text"": ""سلوق"", ""label"": ""LOC""}]",generated
سيول وفيضانات تغرق غات وتهالا وتجبر الاهالي على مغادرة منازلهم في موجة تقلبات جوية حادة,Flood/Severe Weather,Critical,غات وتهالا,"[{""start"": 19, ""end"": 22, ""text"": ""غات"", ""label"": ""LOC""}, {""start"": 24, ""end"": 29, ""text"": ""تهالا"", ""label"": ""LOC""}]",real
مقتل شاب واصابة شقيقه اثر مشاجرة امام مدرسة علي سيالة في زاوية الدهماني,Other,High,زاوية الدهماني,"[{""start"": 57, ""end"": 71, ""text"": ""زاوية الدهماني"", ""label"": ""LOC""}]",real
تصادم بسيط بين سيارتين دون اصابات والسيارتان خارج مسار المرور,Road/Transportation,LOW,غير محدد,[],generated
فيضان مياه الصرف الصحي وتكدس القمامة في احد شوارع توكرة,Infrastructure/Utilities,Medium,توكرة,"[{""start"": 50, ""end"": 55, ""text"": ""توكرة"", ""label"": ""LOC""}]",real
حادث بين سيارتين في غريان ومسبب زحمة كبيرة,Road/Transportation,High,غريان,"[{""start"": 20, ""end"": 25, ""text"": ""غريان"", ""label"": ""LOC""}]",generated
السرعة الجنونية تسببت في حادث سير بالقرب من الجسر الحديدي,Road/Transportation,High,الجسر الحديدي طرابلس,"[{""start"": 44, ""end"": 57, ""text"": ""الجسر الحديدي"", ""label"": ""LOC""}]",real
الانترنت ضعيف هلبا وال 4G ما يفتحش حتى صفحة وحدة في قصر بن غشير وندفعوا في كروت الشحن على الفاضي,Infrastructure/Utilities,Low,قصر بن غشير,"[{""start"": 52, ""end"": 63, ""text"": ""قصر بن غشير"", ""label"": ""LOC""}]",generated
ارتفاع بسيط في منسوب المياه في ترهونة,Flood/Severe Weather,Low,ترهونة,"[{""start"": 31, ""end"": 37, ""text"": ""ترهونة"", ""label"": ""LOC""}]",generated
انسداد خط صرف صحي فرعي في صرمان مع تجمع محدود للمياه,Infrastructure/Utilities,Low,صرمان,"[{""start"": 26, ""end"": 31, ""text"": ""صرمان"", ""label"": ""LOC""}]",generated
شخص حس بدوخة في الطريق في زليتن وتوا واعي وحالته كويسة,People at Risk/Medical,Low,زليتن,"[{""start"": 26, ""end"": 31, ""text"": ""زليتن"", ""label"": ""LOC""}]",generated
رماية بالاسلحة الخفيفة في طريق بوابة الجبس بالقرب من شيل احمد محمود طرابلس,People at Risk/Medical,High,طريق بوابة الجبس,"[{""start"": 26, ""end"": 42, ""text"": ""طريق بوابة الجبس"", ""label"": ""LOC""}, {""start"": 68, ""end"": 74, ""text"": ""طرابلس"", ""label"": ""LOC""}]",real
حفرة صرف صغيرة في غريان مسكرينها بحاجز لحد ما تجي الصيانة,Infrastructure/Utilities,Low,غريان,"[{""start"": 18, ""end"": 23, ""text"": ""غريان"", ""label"": ""LOC""}]",generated
تصادم خفيف بين مركبتين دون اصابات وتعطلت حركة المرور لدقائق,Road/Transportation,LOW,غير محدد,[],generated
ماسورة رئيسية انفجرت في البيضاء وغرقت الشارع كم حوش بدون مية توا,Infrastructure/Utilities,Medium,البيضاء,"[{""start"": 24, ""end"": 31, ""text"": ""البيضاء"", ""label"": ""LOC""}]",generated
عائلة عالقة بسبب تجمع المياه في الزاوية ومحتاجة مساعدة,People at Risk/Medical,Critical,الزاوية,"[{""start"": 32, ""end"": 39, ""text"": ""الزاوية"", ""label"": ""LOC""}]",generated
تصادم عدة سيارات على الطريق الساحلي بمنطقة صياد غرب العاصمة طرابلس,Road/Transportation,High,صياد طرابلس,"[{""start"": 21, ""end"": 35, ""text"": ""الطريق الساحلي"", ""label"": ""LOC""}, {""start"": 43, ""end"": 66, ""text"": ""صياد غرب العاصمة طرابلس"", ""label"": ""LOC""}]",real
موج البحر عالي قرب هون والصيادين رجعوا مافيش بلاغات على مفقودين,Flood/Severe Weather,Low,هون,"[{""start"": 19, ""end"": 22, ""text"": ""هون"", ""label"": ""LOC""}]",generated
حادث دراجة نارية مع اصابة بسيطة وعدم وجود خطر اضافي,Road/Transportation,LOW,غير محدد,[],generated
انهيار مبنى في القره بوللي وفيه عدد كبير محاصر كل فرق الانقاذ المحلية مشغولة,People at Risk/Medical,Critical,القره بوللي,"[{""start"": 15, ""end"": 26, ""text"": ""القره بوللي"", ""label"": ""LOC""}]",generated
حريق داخل عيادة في سبها المرضى يطلعوا بصعوبة وفيه اصابة مهددة للحياة,Fire/Explosion,High,سبها,"[{""start"": 19, ""end"": 23, ""text"": ""سبها"", ""label"": ""LOC""}]",generated
انقطاع كهرباء في معتيقة لساعات والناس تبي حل,Infrastructure/Utilities,Medium,معتيقة,"[{""start"": 17, ""end"": 23, ""text"": ""معتيقة"", ""label"": ""LOC""}]",generated
تراكم القمامة في احد الشوارع الرئيسية في بنغازي منذ عدة ايام مع انبعاث روائح مزعجة للسكان,Other,Medium,بنغازي,"[{""start"": 41, ""end"": 47, ""text"": ""بنغازي"", ""label"": ""LOC""}]",real
فيه وفيات ومصابين حالتهم حرجة في الخمس,People at Risk/Medical,Critical,الخمس,"[{""start"": 33, ""end"": 38, ""text"": ""الخمس"", ""label"": ""LOC""}]",generated
انهيار جزء كبير من جسر مع ضحايا ومفقودين,Infrastructure/Utilities,High,غير محدد,[],generated
تشكل غدير مائي ضخم بوسط شارع الزاوية ادى الى محاصرة المحال التجارية ودخول المياه بالطوابق الارضية,Flood/Severe Weather,High,شارع الزاوية,"[{""start"": 24, ""end"": 36, ""text"": ""شارع الزاوية"", ""label"": ""LOC""}]",real
طابور سيارات ماشي كيلومترات قدام محطة وقود طريق المطار بطرابلس بسبب نقص البنزين,Road/Transportation,Low,طريق المطار وطرابلس,"[{""start"": 43, ""end"": 54, ""text"": ""طريق المطار"", ""label"": ""LOC""}, {""start"": 56, ""end"": 62, ""text"": ""طرابلس"", ""label"": ""LOC""}]",generated
نبو اسعاف بسرعة في طريق الجامعة فيه مصاب محتاج نقل للمستشفى,People at Risk/Medical,Critical,طريق الجامعة,"[{""start"": 19, ""end"": 31, ""text"": ""طريق الجامعة"", ""label"": ""LOC""}]",generated
تصادم ثلاث سيارات مع اصابات متوسطة ولا توجد حالات عالقة,Road/Transportation,MEDIUM,غير محدد,[],generated
حادث بين سيارتين ادى الى اصابات بسيطة وتم نقل المصابين للفحص,Road/Transportation,MEDIUM,غير محدد,[],generated
اندلاع حريق خلف مطعم الدجاجة السعيدة في مدينة مصراتة,Fire/Explosion,Medium,مصراتة,"[{""start"": 46, ""end"": 52, ""text"": ""مصراتة"", ""label"": ""LOC""}]",real
الطريق في بنغازي محتاج صيانة الحفر كل يوم تزيد,Road/Transportation,Low,بنغازي,"[{""start"": 10, ""end"": 16, ""text"": ""بنغازي"", ""label"": ""LOC""}]",generated
وجود شخص مصاب في رجله بحالة غرغرينا بالقرب من مسجد ابو كميشة بمنطقة الامداد الطبي في طريق السكة,People at Risk/Medical,High,طريق السكة,"[{""start"": 85, ""end"": 95, ""text"": ""طريق السكة"", ""label"": ""LOC""}]",real
حريق في حافلة نقل ركاب متوقفة على جانب الطريق بمنطقة السراج دون تسجيل خسائر,Fire/Explosion,Low,السراج,"[{""start"": 53, ""end"": 59, ""text"": ""السراج"", ""label"": ""LOC""}]",generated
عطل واسع في شبكة الاتصالات في راس لانوف اثر على خدمات اساسية,Infrastructure/Utilities,High,رأس لانوف,"[{""start"": 30, ""end"": 39, ""text"": ""راس لانوف"", ""label"": ""LOC""}]",generated
حادث بين عدة سيارات في نالوت فيه قتلى ومصابين حالتهم حرجة,Road/Transportation,Critical,نالوت,"[{""start"": 23, ""end"": 28, ""text"": ""نالوت"", ""label"": ""LOC""}]",generated
منظومة المقاصة الالكترونية بين المصارف التجارية واقفة كامل والصكوك متجمدة ومصالح الناس معطلة,Other,Medium,غير محدد,[],generated
اعلان حالة طوارئ طبية في العاصمة طرابلس ودعوة المواطنين للبقاء في منازلهم,People at Risk/Medical,Critical,طرابلس,"[{""start"": 33, ""end"": 39, ""text"": ""طرابلس"", ""label"": ""LOC""}]",real
تضرر خط كهرباء رئيسي في تازربو مع انقطاع الخدمة عن مناطق متعددة,Infrastructure/Utilities,Medium,تازربو,"[{""start"": 24, ""end"": 30, ""text"": ""تازربو"", ""label"": ""LOC""}]",generated
حريق صغير في ارض زراعية وتمت السيطرة عليه دون تعرض اي شخص للخطر,Fire/Explosion,LOW,غير محدد,[],generated
تعرض الجسر الزجاجي في منطقة جليانة للتخريب للمرة الثانية,Other,Medium,جليانة,"[{""start"": 28, ""end"": 34, ""text"": ""جليانة"", ""label"": ""LOC""}]",real
بلاغ عن سرقة في بنغازي والموضوع محتاج تدخل الجهات المختصة,Other,Medium,بنغازي,"[{""start"": 16, ""end"": 22, ""text"": ""بنغازي"", ""label"": ""LOC""}]",generated
اندلاع حرائق واسعة في غابات الجبل الاخضر دون خسائر بشرية حتى وقت المنشور,Fire/Explosion,High,الجبل الأخضر,"[{""start"": 28, ""end"": 40, ""text"": ""الجبل الاخضر"", ""label"": ""LOC""}]",real
مية واقفة جنب الرصيف في طبرق لكن السيارات تمر عادي ومافيش خطر على البيوت,Flood/Severe Weather,Low,طبرق,"[{""start"": 24, ""end"": 28, ""text"": ""طبرق"", ""label"": ""LOC""}]",generated
عطل في محول كهربائي صغير في غات,Infrastructure/Utilities,Low,غات,"[{""start"": 28, ""end"": 31, ""text"": ""غات"", ""label"": ""LOC""}]",generated
المية مقطوعة على معتيقة من الصبح ومفيش توضيح,Infrastructure/Utilities,Medium,معتيقة,"[{""start"": 17, ""end"": 23, ""text"": ""معتيقة"", ""label"": ""LOC""}]",generated
جزء من مبنى انهار بعد انفجار في الكفرة وفيه احتمال ناس تحت الركام,Fire/Explosion,High,الكفرة,"[{""start"": 32, ""end"": 38, ""text"": ""الكفرة"", ""label"": ""LOC""}]",generated
سيارة زلقت في راس اجدير وخشت في سيارة ثانية الحيطة,Road/Transportation,High,رأس اجدير,"[{""start"": 14, ""end"": 23, ""text"": ""راس اجدير"", ""label"": ""LOC""}]",generated
قارب غرق قبالة الجميل وعلى متنه ناس هلبة فيه مفقودين وعمليات الانقاذ واسعة,People at Risk/Medical,Critical,الجميل,"[{""start"": 15, ""end"": 21, ""text"": ""الجميل"", ""label"": ""LOC""}]",generated
حريق ضخم في مصنع في وسط مدينة الزاوية مع اصابات متعددة,Fire/Explosion,Critical,وسط مدينة الزاوية,"[{""start"": 20, ""end"": 37, ""text"": ""وسط مدينة الزاوية"", ""label"": ""LOC""}]",generated
حادث قوي على طريق المطار قريب من جسر الفروسية بين سيارتين وشعلت فيهم النار وفيه ناس محاصرين جوا ما قدروش يخرجوا,Road/Transportation,High,طريق المطار وجسر الفروسية,"[{""start"": 13, ""end"": 24, ""text"": ""طريق المطار"", ""label"": ""LOC""}, {""start"": 33, ""end"": 45, ""text"": ""جسر الفروسية"", ""label"": ""LOC""}]",generated
غطاء بالوعة مكسور في غات وتم تحويط المكان,Infrastructure/Utilities,Low,غات,"[{""start"": 21, ""end"": 24, ""text"": ""غات"", ""label"": ""LOC""}]",generated
وجود مركبة مشبوهة امام احدى المدارس في مدينة صرمان تحتوي على خمس قذائف مدفعية ولغم ارضي موصول بدائرة تفجير,Other,Critical,صرمان,"[{""start"": 45, ""end"": 50, ""text"": ""صرمان"", ""label"": ""LOC""}]",real
شاحنة نفطية اصطدمت بحافلة في ترهونة اصابات جماعية والمستشفيات طالبة دعم من برا المنطقة,Road/Transportation,Critical,ترهونة,"[{""start"": 29, ""end"": 35, ""text"": ""ترهونة"", ""label"": ""LOC""}]",generated
حادث بين ثلاثة سيارات في ابو سليم في طرابلس وفيه زوز مصابين,Road/Transportation,Medium,أبو سليم في طرابلس,"[{""start"": 25, ""end"": 43, ""text"": ""ابو سليم في طرابلس"", ""label"": ""LOC""}]",generated
البيفي كله غدران نبوا سيارات تجي تشفط المية,Flood/Severe Weather,High,البيفي,"[{""start"": 0, ""end"": 6, ""text"": ""البيفي"", ""label"": ""LOC""}]",generated
حافلة صغيرة طلعت من الطريق في قرقارش في طرابلس وفيه اصابات متوسطة,Road/Transportation,High,قرقارش في طرابلس,"[{""start"": 30, ""end"": 46, ""text"": ""قرقارش في طرابلس"", ""label"": ""LOC""}]",generated
امطار غزيرة وخيرات في طريق المطار الان الرجاء تخفيف السرعة والحذر,Flood/Severe Weather,Medium,طريق المطار,"[{""start"": 22, ""end"": 33, ""text"": ""طريق المطار"", ""label"": ""LOC""}]",real
عاملين استنشقوا دخان في غريان ونقلوهم للمستشفى وحالتهم مستقرة,People at Risk/Medical,Medium,غريان,"[{""start"": 24, ""end"": 29, ""text"": ""غريان"", ""label"": ""LOC""}]",generated
حادث بين كيا تقودها سيدة وتويوتا بطريق المطار بعد فقدان السيدة للسيطرة على عجلة القيادة نتيجة السرعة مما ادى لاصطدامها بالتويوتا,Road/Transportation,Medium,طريق المطار,"[{""start"": 34, ""end"": 45, ""text"": ""طريق المطار"", ""label"": ""LOC""}]",real
انسداد غرفة صرف في غدامس مع طفح محدود,Infrastructure/Utilities,Low,غدامس,"[{""start"": 19, ""end"": 24, ""text"": ""غدامس"", ""label"": ""LOC""}]",generated
فيضان سريع ضرب بنغازي وحاصر ناس هلبة احياء كاملة تتخلى والفرق المحلية مش مكفية,Flood/Severe Weather,Critical,بنغازي,"[{""start"": 15, ""end"": 21, ""text"": ""بنغازي"", ""label"": ""LOC""}]",generated
فيه مصاب ومحتاج اسعاف بسرعة لكن الموقع مش واضح لحد الان,People at Risk/Medical,Critical,,[],generated
انقطاع في شبكة الاتصالات في ترهونة اثر على عدد كبير من المشتركين,Infrastructure/Utilities,Low,ترهونة,"[{""start"": 28, ""end"": 34, ""text"": ""ترهونة"", ""label"": ""LOC""}]",generated
صار انهيار لجزء من الكياس في زناتة القديمة,Road/Transportation,High,زناتة القديمة,"[{""start"": 29, ""end"": 42, ""text"": ""زناتة القديمة"", ""label"": ""LOC""}]",generated
شخص يعاني من ازمة تنفسية حادة ويحتاج الى تدخل اسعافي عاجل,People at Risk/Medical,HIGH,غير محدد,[],generated
احتراق مركبة ينهي حياة طفلين في سبها,Fire/Explosion,Critical,سبها,"[{""start"": 32, ""end"": 36, ""text"": ""سبها"", ""label"": ""LOC""}]",real
حريق داخل مطبخ احد المطاعم بمنطقة بن عاشور,Fire/Explosion,Medium,بن عاشور,"[{""start"": 34, ""end"": 42, ""text"": ""بن عاشور"", ""label"": ""LOC""}]",generated
حريق باشجار النخيل في واحة تازربو بمنطقة الكفرة,Fire/Explosion,High,تازربو الكفرة,"[{""start"": 27, ""end"": 47, ""text"": ""تازربو بمنطقة الكفرة"", ""label"": ""LOC""}]",real
صار شجار قدام مطعم في الليثي ببنغازي وواحد اتصاب نبو حد يجي للمكان,People at Risk/Medical,High,الليثي بنغازي,"[{""start"": 22, ""end"": 28, ""text"": ""الليثي"", ""label"": ""LOC""}]",generated
حريق شقة في صبراتة والنار قاعدة تنتشر فيه شخص محاصر في الداخل والمطافي تحاول توصله,Fire/Explosion,High,صبراتة,"[{""start"": 12, ""end"": 18, ""text"": ""صبراتة"", ""label"": ""LOC""}]",generated
ارتفاع منسوب المياه في شوارع في سلوق جنوب بنغازي ودخولها الى عدد محدود من المحال,Flood/Severe Weather,Medium,سلوق جنوب بنغازي,"[{""start"": 32, ""end"": 48, ""text"": ""سلوق جنوب بنغازي"", ""label"": ""LOC""}]",generated
مواطن يبلغ على سرقة سيارته في منطقة البركة ببنغازي كانت مدرسة قدام العمارة,Other,Medium,البركة بنغازي,"[{""start"": 36, ""end"": 42, ""text"": ""البركة"", ""label"": ""LOC""}]",generated
